lemma,word,freq
time,time,99890
man,man,94133
way,way,72661
people,people,56252
thing,thing,55522
sir,sir,49188
night,night,44168
day,day,40893
life,life,40629
guy,guy,38893
name,name,32735
money,money,32679
thank,thanks,31789
place,place,30736
kind,kind,30125
lot,lot,29066
year,years,29003
girl,girl,28413
father,father,28279
boy,boy,27021
house,house,26214
baby,baby,25978
dad,dad,25870
mind,mind,24715
car,car,24636
mother,mother,24476
hell,hell,24012
miss,miss,23850
world,world,23216
room,room,22415
morning,morning,22389
woman,woman,22166
mom,mom,21950
friend,friend,21384
job,job,21063
son,son,20949
minute,minute,19252
head,head,18947
matter,matter,18900
idea,idea,18311
family,family,18067
wife,wife,17795
kid,kid,17299
school,school,16989
problem,problem,16833
business,business,16371
mrs,mrs,15858
cause,cause,15812
stuff,stuff,15653
honey,honey,15325
door,door,14895
face,face,14747
second,second,14513
brother,brother,14481
case,case,14403
hand,hand,14262
phone,phone,13756
end,end,13559
doctor,doctor,13461
part,part,13337
deal,deal,13330
town,town,12644
drink,drink,12617
heart,heart,12453
chance,chance,12303
number,number,12288
week,week,12164
point,point,12063
police,police,12044
word,word,12013
fun,fun,12010
bit,bit,11987
game,game,11926
party,party,11890
shoot,shot,11599
ass,ass,11545
water,water,11478
trouble,trouble,11401
couple,couple,11394
eye,eyes,11299
story,story,11260
lady,lady,11071
death,death,11051
fire,fire,10990
hour,hours,10959
gun,gun,10873
rest,rest,10861
person,person,10857
captain,captain,10622
line,line,10515
office,office,10399
dinner,dinner,10336
side,side,10247
question,question,10116
body,body,9972
husband,husband,9935
reason,reason,9858
dog,dog,9835
truth,truth,9801
bed,bed,9543
moment,moment,9539
blood,blood,9492
daddy,daddy,9439
sister,sister,9207
book,book,9026
child,children,8930
war,war,8912
fact,fact,8801
daughter,daughter,8739
city,city,8624
light,light,8425
news,news,8399
month,months,8314
country,country,8254
order,order,7985
food,food,7876
gentleman,gentlemen,7874
luck,luck,7840
hair,hair,7831
music,music,7734
power,power,7600
street,street,7557
team,team,7528
company,company,7507
plan,plan,7432
coffee,coffee,7371
date,date,7218
parent,parents,7177
president,president,7174
air,air,7090
picture,picture,7061
lord,lord,7046
ride,ride,6904
top,top,6805
dream,dream,6798
meeting,meeting,6752
sense,sense,6722
control,control,6662
darling,darling,6613
king,king,6592
piece,piece,6349
boss,boss,6339
hospital,hospital,6334
uncle,uncle,6327
past,past,6312
movie,movie,6271
christmas,christmas,6244
foot,feet,6157
evening,evening,6155
million,million,6145
class,class,5985
law,law,5932
general,general,5885
murder,murder,5717
road,road,5709
secret,secret,5585
report,report,5508
state,state,5500
table,table,5387
ball,ball,5353
mouth,mouth,5325
lunch,lunch,5310
fault,fault,5310
lieutenant,lieutenant,5306
mama,mama,5289
future,future,5278
paper,paper,5271
officer,officer,5265
hotel,hotel,5264
buddy,buddy,5247
agent,agent,5235
mistake,mistake,5200
one,ones,5177
wedding,wedding,5173
clothe,clothes,5158
court,court,5137
floor,floor,5132
build,building,5078
earth,earth,5074
dude,dude,5071
other,others,5061
ship,ship,5043
club,club,5038
attention,attention,5032
pain,pain,4995
choice,choice,4975
birthday,birthday,4958
honor,honor,4912
colonel,colonel,4909
boat,boat,4885
plane,plane,4872
train,train,4848
security,security,4810
bag,bag,4796
song,song,4778
horse,horse,4737
ring,ring,4730
message,message,4667
system,system,4667
afternoon,afternoon,4666
box,box,4577
present,present,4562
charge,charge,4559
information,information,4557
fool,fool,4556
middle,middle,4549
surprise,surprise,4534
mile,miles,4500
land,land,4494
master,master,4450
dress,dress,4447
key,key,4430
voice,voice,4394
rock,rock,4394
cop,cop,4393
window,window,4386
bar,bar,4385
army,army,4370
record,record,4365
card,card,4357
college,college,4344
evidence,evidence,4335
bank,bank,4334
test,test,4288
history,history,4280
fish,fish,4258
apartment,apartment,4235
letter,letter,4213
situation,situation,4207
trip,trip,4202
store,store,4178
star,star,4149
accident,accident,4146
doc,doc,4122
pleasure,pleasure,4118
list,list,4110
call,calls,4097
service,service,4076
difference,difference,4066
judge,judge,4063
ice,ice,4057
lawyer,lawyer,4055
age,age,4039
station,station,4033
gold,gold,4026
seat,seat,4018
hundred,hundred,4015
summer,summer,4012
dollar,dollars,3998
angel,angel,3992
mess,mess,3985
chief,chief,3973
radio,radio,3936
marriage,marriage,3930
brain,brain,3928
soul,soul,3925
girlfriend,girlfriend,3881
folk,folks,3878
attack,attack,3853
beer,beer,3850
partner,partner,3836
area,area,3821
scene,scene,3807
bus,bus,3783
shoe,shoes,3782
english,english,3777
group,group,3762
joke,joke,3724
truck,truck,3716
ground,ground,3696
cash,cash,3694
boyfriend,boyfriend,3684
park,park,3678
position,position,3676
respect,respect,3644
crime,crime,3633
mommy,mommy,3617
congratulation,congratulations,3616
art,art,3611
favor,favor,3609
wall,wall,3605
force,force,3604
jail,jail,3602
machine,machine,3583
field,field,3580
nose,nose,3557
sun,sun,3553
church,church,3553
peace,peace,3550
professor,professor,3548
thousand,thousand,3534
fear,fear,3523
tape,tape,3511
suit,suit,3499
gas,gas,3457
relationship,relationship,3452
rule,rules,3438
cat,cat,3383
breakfast,breakfast,3381
idiot,idiot,3377
space,space,3369
prison,prison,3368
arm,arm,3336
film,film,3328
government,government,3327
tree,tree,3315
contact,contact,3305
pardon,pardon,3297
gift,gift,3290
south,south,3288
hat,hat,3273
sweetheart,sweetheart,3272
board,board,3272
sake,sake,3272
north,north,3258
department,department,3256
patient,patient,3246
begin,beginning,3219
sergeant,sergeant,3210
killer,killer,3206
outta,outta,3185
race,race,3157
crap,crap,3151
chicken,chicken,3148
bathroom,bathroom,3145
spot,spot,3140
weekend,weekend,3118
detective,detective,3117
sheriff,sheriff,3115
action,action,3115
glass,glass,3096
type,type,3093
experience,experience,3088
west,west,3088
wine,wine,3078
press,press,3070
sea,sea,3052
flight,flight,3044
arrest,arrest,3037
neck,neck,3035
wind,wind,3028
computer,computer,3011
bunch,bunch,3003
pant,pants,2996
tea,tea,2990
clock,clock,2990
fellow,fellow,2987
kitchen,kitchen,2974
hole,hole,2969
guard,guard,2968
smile,smile,2958
feeling,feelings,2938
pal,pal,2937
bear,bear,2928
camera,camera,2907
beach,beach,2888
heaven,heaven,2887
leg,leg,2882
buck,bucks,2866
track,track,2843
teacher,teacher,2842
river,river,2829
aunt,aunt,2815
decision,decision,2808
queen,queen,2789
emergency,emergency,2776
cell,cell,2772
bomb,bomb,2736
sweetie,sweetie,2731
note,note,2731
shop,shop,2731
nut,nuts,2729
band,band,2724
price,price,2722
client,client,2715
code,code,2709
pressure,pressure,2709
rise,rose,2704
magic,magic,2687
corner,corner,2679
copy,copy,2666
address,address,2666
hall,hall,2649
cup,cup,2634
level,level,2633
witness,witness,2621
taste,taste,2617
camp,camp,2612
duty,duty,2599
interest,interest,2598
bottle,bottle,2588
support,support,2587
moon,moon,2548
bottom,bottom,2546
conversation,conversation,2543
hero,hero,2542
east,east,2527
match,match,2521
trial,trial,2518
spirit,spirit,2517
chair,chair,2511
study,study,2501
risk,risk,2501
rain,rain,2494
cousin,cousin,2491
cream,cream,2484
memory,memory,2477
enemy,enemy,2474
search,search,2467
drug,drugs,2464
beauty,beauty,2460
advice,advice,2447
tooth,teeth,2440
victim,victim,2434
coach,coach,2429
flower,flowers,2427
crew,crew,2424
driver,driver,2416
trick,trick,2411
mission,mission,2400
pool,pool,2396
knife,knife,2387
weapon,weapon,2379
restaurant,restaurant,2373
shirt,shirt,2365
faith,faith,2363
size,size,2353
credit,credit,2337
center,center,2335
bridge,bridge,2331
practice,practice,2330
mister,mister,2326
grandma,grandma,2325
stage,stage,2324
ticket,ticket,2324
animal,animal,2320
bird,bird,2318
sight,sight,2311
career,career,2305
nature,nature,2303
prince,prince,2299
cake,cake,2298
nurse,nurse,2294
breath,breath,2291
games,games,2287
sky,sky,2285
account,account,2280
suspect,suspect,2254
skin,skin,2246
file,file,2246
madam,madam,2244
operation,operation,2241
desk,desk,2239
danger,danger,2227
meat,meat,2226
command,command,2225
student,student,2195
jury,jury,2181
form,form,2180
program,program,2174
papa,papa,2172
milk,milk,2169
battle,battle,2155
coat,coat,2146
opinion,opinion,2142
shame,shame,2120
devil,devil,2108
video,video,2105
speed,speed,2104
shower,shower,2097
oil,oil,2095
opportunity,opportunity,2091
chest,chest,2090
stone,stone,2072
block,block,2067
attorney,attorney,2060
health,health,2054
heat,heat,2044
manager,manager,2038
guest,guest,2037
lab,lab,2020
princess,princess,2019
island,island,2018
color,color,2011
bell,bell,2006
pig,pig,1996
cheese,cheese,1991
soldier,soldier,1985
monster,monster,1982
planet,planet,1975
fella,fellas,1973
egg,eggs,1971
butt,butt,1967
view,view,1965
open,opening,1960
insurance,insurance,1955
bullet,bullet,1950
character,character,1946
speech,speech,1940
airport,airport,1940
hook,hook,1938
condition,condition,1936
target,target,1936
sugar,sugar,1926
signal,signal,1926
player,player,1926
hill,hill,1915
football,football,1914
page,page,1912
justice,justice,1910
project,project,1907
crowd,crowd,1906
mean,meaning,1904
science,science,1900
pair,pair,1900
commander,commander,1887
subject,subject,1885
strength,strength,1883
lie,lies,1883
mail,mail,1879
freak,freak,1874
bedroom,bedroom,1872
neighborhood,neighborhood,1871
finger,finger,1870
spell,spell,1869
ghost,ghost,1866
majesty,majesty,1863
weight,weight,1850
market,market,1848
unit,unit,1845
throat,throat,1837
lake,lake,1836
director,director,1834
cab,cab,1826
candy,candy,1825
pocket,pocket,1821
roof,roof,1818
babe,babe,1814
radar,radar,1811
responsibility,responsibility,1806
mountain,mountain,1805
base,base,1804
firm,firm,1799
trade,trade,1795
fan,fan,1792
liar,liar,1792
language,language,1790
purpose,purpose,1789
noise,noise,1779
genius,genius,1773
rent,rent,1762
proof,proof,1754
com,com,1750
suicide,suicide,1747
weather,weather,1746
medicine,medicine,1744
issue,issue,1741
mood,mood,1736
television,television,1729
stomach,stomach,1725
county,county,1722
village,village,1712
pizza,pizza,1709
monkey,monkey,1709
toast,toast,1707
ear,ears,1705
jacket,jacket,1704
lane,lane,1704
thought,thoughts,1703
property,property,1698
secretary,secretary,1694
magazine,magazine,1693
funeral,funeral,1693
senator,senator,1691
jerk,jerk,1690
research,research,1688
freedom,freedom,1688
damage,damage,1686
society,society,1679
energy,energy,1678
crack,crack,1675
vacation,vacation,1673
chase,chase,1673
divorce,divorce,1669
ally,ally,1666
defense,defense,1665
rat,rat,1663
grandpa,grandpa,1661
goodness,goodness,1655
post,post,1654
telephone,telephone,1651
surgery,surgery,1651
contract,contract,1650
safety,safety,1649
lesson,lesson,1644
assistant,assistant,1643
license,license,1635
model,model,1635
gate,gate,1634
staff,staff,1632
warn,warning,1630
engine,engine,1626
map,map,1623
harm,harm,1621
square,square,1620
silver,silver,1619
access,access,1615
season,season,1605
rush,rush,1602
snow,snow,1599
spring,spring,1597
champagne,champagne,1596
mayor,mayor,1595
pound,pounds,1595
demon,demon,1593
winner,winner,1592
madame,madame,1591
lip,lips,1590
leader,leader,1589
tongue,tongue,1589
bath,bath,1587
permission,permission,1587
monsieur,monsieur,1585
storm,storm,1574
tour,tour,1571
bone,bones,1561
appointment,appointment,1559
score,score,1552
ocean,ocean,1545
reality,reality,1543
shape,shape,1542
gang,gang,1537
style,style,1534
farm,farm,1532
answer,answers,1527
example,example,1527
alarm,alarm,1522
fortune,fortune,1518
schedule,schedule,1518
punch,punch,1514
right,rights,1510
interview,interview,1505
affair,affair,1502
chocolate,chocolate,1499
grade,grade,1493
investigation,investigation,1491
mate,mate,1491
statement,statement,1491
load,load,1490
paint,painting,1489
community,community,1486
loss,loss,1485
wood,woods,1482
detail,details,1481
change,changes,1481
toilet,toilet,1474
meal,meal,1472
shock,shock,1468
member,member,1468
pie,pie,1466
crash,crash,1461
artist,artist,1460
theory,theory,1459
joy,joy,1456
traffic,traffic,1454
nonsense,nonsense,1452
shot,shots,1447
midnight,midnight,1447
bread,bread,1445
button,button,1441
source,source,1437
subtitle,subtitles,1435
process,process,1427
desert,desert,1427
period,period,1417
grandmother,grandmother,1417
pride,pride,1411
witch,witch,1410
tip,tip,1409
plant,plant,1408
sport,sports,1407
birth,birth,1405
wire,wire,1403
bull,bull,1403
section,section,1394
success,success,1390
garage,garage,1388
connection,connection,1386
closet,closet,1381
loser,loser,1381
wheel,wheel,1380
parking,parking,1379
policy,policy,1378
strange,stranger,1377
fate,fate,1375
juice,juice,1371
governor,governor,1369
coast,coast,1361
pilot,pilot,1360
miracle,miracle,1359
lover,lover,1358
cigarette,cigarette,1357
murderer,murderer,1355
garden,garden,1354
wound,wound,1353
event,event,1345
row,row,1343
actor,actor,1343
grave,grave,1340
flat,flat,1337
winter,winter,1337
shoulder,shoulder,1336
priest,priest,1336
sword,sword,1335
disease,disease,1335
chick,chick,1334
concern,concern,1332
talent,talent,1332
garbage,garbage,1331
attitude,attitude,1330
quarter,quarter,1327
knee,knees,1320
bike,bike,1320
taxi,taxi,1318
object,object,1314
percent,percent,1313
navy,navy,1310
dirt,dirt,1310
plate,plate,1308
cook,cooking,1307
datum,data,1306
distance,distance,1306
tank,tank,1306
request,request,1304
golf,golf,1302
knowledge,knowledge,1302
cow,cow,1301
dawn,dawn,1301
stock,stock,1300
equipment,equipment,1298
conference,conference,1296
sale,sale,1295
silence,silence,1294
audience,audience,1294
americans,americans,1293
mercy,mercy,1291
universe,universe,1289
baseball,baseball,1288
soup,soup,1285
outfit,outfit,1280
yard,yard,1278
duke,duke,1277
valley,valley,1275
rate,rate,1271
bro,bro,1270
piano,piano,1268
uniform,uniform,1266
pill,pills,1266
location,location,1263
duck,duck,1263
doll,doll,1263
amount,amount,1262
pen,pen,1261
step,steps,1259
poison,poison,1252
beast,beast,1252
path,path,1252
happiness,happiness,1249
anytime,anytime,1248
elevator,elevator,1245
channel,channel,1245
belt,belt,1242
grandfather,grandfather,1241
penny,penny,1239
thief,thief,1238
bay,bay,1236
bride,bride,1235
mirror,mirror,1233
dozen,dozen,1231
direction,direction,1228
theater,theater,1226
tail,tail,1219
effect,effect,1219
vision,vision,1218
trap,trap,1216
dust,dust,1216
honour,honour,1213
stair,stairs,1212
deck,deck,1212
gut,guts,1211
newspaper,newspaper,1208
apple,apple,1207
courage,courage,1207
fishing,fishing,1204
university,university,1203
pulse,pulse,1200
writer,writer,1200
edge,edge,1199
pity,pity,1199
couch,couch,1197
protection,protection,1197
screen,screen,1193
studio,studio,1190
owner,owner,1185
prisoner,prisoner,1180
destiny,destiny,1175
robbery,robbery,1175
violence,violence,1173
nerve,nerve,1171
mystery,mystery,1171
circumstance,circumstances,1170
library,library,1170
tower,tower,1165
photo,photo,1165
shift,shift,1164
friendship,friendship,1164
maid,maid,1164
wallet,wallet,1163
package,package,1162
range,range,1161
rope,rope,1158
result,results,1158
image,image,1154
turkey,turkey,1153
vehicle,vehicle,1153
jungle,jungle,1151
pot,pot,1149
trash,trash,1146
ambulance,ambulance,1143
prize,prize,1142
nightmare,nightmare,1142
behavior,behavior,1142
snake,snake,1140
tear,tears,1140
cancer,cancer,1139
term,terms,1138
medium,media,1137
material,material,1129
expert,expert,1128
flesh,flesh,1125
advantage,advantage,1125
inspector,inspector,1124
sign,signs,1123
committee,committee,1123
punk,punk,1121
sandwich,sandwich,1118
understand,understanding,1117
mark,marks,1117
sweat,sweat,1115
cent,cents,1114
panic,panic,1114
performance,performance,1113
boom,boom,1112
union,union,1111
objection,objection,1108
fruit,fruit,1108
mum,mum,1108
cable,cable,1108
underwear,underwear,1105
castle,castle,1099
circle,circle,1097
value,value,1097
bill,bills,1096
squad,squad,1096
glory,glory,1096
victory,victory,1094
bowl,bowl,1094
creature,creature,1092
basketball,basketball,1091
route,route,1089
holiday,holiday,1086
progress,progress,1084
wave,wave,1084
god,gods,1083
authority,authority,1082
chain,chain,1082
hunt,hunting,1081
shadow,shadow,1080
whore,whore,1076
estate,estate,1076
horn,horn,1075
basement,basement,1074
approach,approach,1070
bug,bug,1068
district,district,1068
rabbit,rabbit,1068
champion,champion,1067
competition,competition,1066
presence,presence,1064
century,century,1063
cure,cure,1063
warrant,warrant,1060
threat,threat,1059
diamond,diamond,1053
bat,bat,1052
chip,chip,1051
transfer,transfer,1048
sentence,sentence,1047
nation,nation,1045
earl,earl,1042
butter,butter,1042
reporter,reporter,1040
booth,booth,1039
casino,casino,1039
possibility,possibility,1035
sand,sand,1035
cage,cage,1034
bow,bow,1034
wolf,wolf,1034
desire,desire,1034
wing,wing,1032
exchange,exchange,1031
pet,pet,1029
drama,drama,1028
series,series,1028
homework,homework,1027
zone,zone,1026
spy,spy,1023
explanation,explanation,1023
failure,failure,1021
swim,swimming,1019
print,print,1018
journey,journey,1017
delivery,delivery,1017
fever,fever,1017
loan,loan,1013
challenge,challenge,1013
routine,routine,1012
soda,soda,1012
teli,teli,1010
trunk,trunk,1010
mask,mask,1010
purse,purse,1008
passion,passion,1008
beef,beef,1005
cabin,cabin,1002
script,script,1000
article,article,998
education,education,996
salt,salt,995
confidence,confidence,993
metal,metal,992
anger,anger,991
agency,agency,991
trace,trace,989
pipe,pipe,989
supper,supper,988
effort,effort,987
hug,hug,986
treatment,treatment,985
dragon,dragon,984
intelligence,intelligence,983
reputation,reputation,983
troop,troops,983
custody,custody,982
site,site,980
ability,ability,980
trail,trail,979
palace,palace,979
boot,boots,977
attempt,attempt,975
mouse,mouse,975
bout,bout,974
ease,ease,974
treasure,treasure,972
laundry,laundry,972
customer,customers,972
revenge,revenge,971
odd,odds,970
cowboy,cowboy,968
motion,motion,967
virus,virus,964
mall,mall,964
forest,forest,963
reverend,reverend,963
virgin,virgin,961
contest,contest,958
plastic,plastic,957
fashion,fashion,957
cap,cap,956
surveillance,surveillance,952
supply,supply,952
league,league,950
thanksgive,thanksgiving,949
figure,figures,949
coincidence,coincidence,948
favour,favour,948
coke,coke,948
title,title,947
quality,quality,947
impression,impression,946
bunny,bunny,946
division,division,946
tiger,tiger,945
therapy,therapy,944
museum,museum,942
steel,steel,941
minister,minister,941
wish,wishes,940
slave,slave,940
anniversary,anniversary,939
bible,bible,935
sock,socks,932
surface,surface,930
role,role,929
curse,curse,929
lifetime,lifetime,929
motel,motel,927
gym,gym,927
collection,collection,926
device,device,926
heck,heck,925
noon,noon,924
reward,reward,919
degree,degrees,918
iron,iron,915
sacrifice,sacrifice,913
cooky,cookies,913
tunnel,tunnel,912
assignment,assignment,912
highway,highway,911
guide,guide,910
wagon,wagon,906
prom,prom,906
lack,lack,905
defendant,defendant,904
exercise,exercise,904
kit,kit,900
marshal,marshal,900
background,background,899
clue,clue,898
assault,assault,896
temple,temple,895
ranch,ranch,895
concert,concert,895
vampire,vampire,894
tent,tent,892
flag,flag,892
darkness,darkness,892
agreement,agreement,892
patch,patch,888
imagination,imagination,885
bail,bail,885
incident,incident,883
liquor,liquor,882
disaster,disaster,881
comfort,comfort,878
sec,sec,877
border,border,876
fuel,fuel,876
legend,legend,875
opera,opera,873
circus,circus,870
trauma,trauma,869
turtle,turtle,869
neighbor,neighbors,868
salad,salad,868
argument,argument,867
sink,sink,863
council,council,863
backup,backup,862
trigger,trigger,861
avenue,avenue,861
tone,tone,860
toy,toy,859
youth,youth,858
crush,crush,857
factory,factory,857
grass,grass,856
campaign,campaign,856
bishop,bishop,855
goal,goal,854
cookie,cookie,852
fairy,fairy,851
crisis,crisis,849
liberty,liberty,849
suite,suite,849
humor,humor,849
stake,stake,847
nephew,nephew,846
gamble,gambling,846
politic,politics,845
admiral,admiral,845
alcohol,alcohol,845
occasion,occasion,844
network,network,843
charity,charity,841
confession,confession,841
explosion,explosion,841
offense,offense,840
headquarter,headquarters,839
judgment,judgment,839
surgeon,surgeon,838
tube,tube,838
math,math,836
operator,operator,836
pin,pin,835
personnel,personnel,835
sucker,sucker,834
dealer,dealer,831
human,humans,831
alley,alley,831
dancer,dancer,831
chat,chat,830
reaction,reaction,830
steak,steak,828
version,version,828
glove,gloves,828
fantasy,fantasy,828
chill,chill,828
experiment,experiment,826
honeymoon,honeymoon,826
design,design,826
blast,blast,825
buster,buster,823
procedure,procedure,823
crystal,crystal,823
whiskey,whiskey,822
response,response,821
dope,dope,820
fence,fence,819
poker,poker,819
powder,powder,818
actress,actress,817
gear,gear,816
locker,locker,815
advance,advance,815
sin,sin,813
torture,torture,812
personality,personality,811
dough,dough,810
ceremony,ceremony,807
solution,solution,807
clown,clown,807
highness,highness,807
helicopter,helicopter,806
prayer,prayer,805
apology,apology,804
corporal,corporal,802
strip,strip,800
singer,singer,800
entrance,entrance,800
satellite,satellite,798
instruction,instructions,798
deputy,deputy,798
tune,tune,796
stress,stress,796
sauce,sauce,795
guitar,guitar,795
charm,charm,794
exit,exit,794
belly,belly,794
net,net,793
romance,romance,792
pitch,pitch,792
patrol,patrol,792
makeup,makeup,790
whistle,whistle,788
stranger,strangers,788
bum,bum,787
kingdom,kingdom,787
hip,hip,786
le,ling,785
hood,hood,785
junk,junk,784
patience,patience,784
diet,diet,784
flash,flash,783
lion,lion,783
homicide,homicide,782
badge,badge,778
soap,soap,775
privacy,privacy,774
champ,champ,771
twin,twins,770
hope,hopes,770
furniture,furniture,769
rice,rice,769
meantime,meantime,769
host,host,766
shark,shark,764
balance,balance,764
technology,technology,762
angle,angle,761
guilt,guilt,760
invitation,invitation,759
check,checks,759
movement,movement,757
mud,mud,756
review,review,755
moron,moron,754
influence,influence,754
testimony,testimony,752
tap,tap,752
scotch,scotch,752
product,product,752
ace,ace,751
status,status,750
skull,skull,750
territory,territory,748
sample,sample,744
relief,relief,744
skill,skills,743
hostage,hostage,743
rifle,rifle,743
tax,tax,742
port,port,741
foundation,foundation,740
pattern,pattern,738
habit,habit,738
option,option,736
bean,beans,736
lad,lad,736
coward,coward,734
benefit,benefit,732
liver,liver,729
adult,adult,729
ward,ward,727
counsel,counsel,726
corn,corn,725
debt,debt,725
gal,gal,725
childhood,childhood,723
facility,facility,723
rose,roses,723
tragedy,tragedy,723
cotton,cotton,723
self,self,722
pro,pro,722
home,homes,722
towel,towel,722
costume,costume,721
jet,jet,721
lightning,lightning,721
prick,prick,720
bush,bush,720
headache,headache,719
frame,frame,719
fly,flies,717
dessert,dessert,715
clinic,clinic,714
cave,cave,713
brand,brand,712
culture,culture,711
theme,theme,710
aid,aid,709
counter,counter,709
conscience,conscience,709
oxygen,oxygen,708
tag,tag,708
religion,religion,707
combat,combat,706
construction,construction,706
transcript,transcript,705
sherry,sherry,705
audition,audition,705
sweater,sweater,704
laughter,laughter,704
commission,commission,703
temperature,temperature,702
dame,dame,702
drill,drill,701
flow,flow,701
principal,principal,701
crown,crown,698
wreck,wreck,697
tradition,tradition,697
zoo,zoo,696
species,species,696
poem,poem,696
tennis,tennis,695
chop,chop,694
muscle,muscle,694
stick,sticks,694
leather,leather,693
cherry,cherry,693
barn,barn,693
emperor,emperor,690
jam,jam,690
ambassador,ambassador,689
baron,baron,687
lap,lap,687
steam,steam,686
punishment,punishment,685
adventure,adventure,685
sheep,sheep,685
exam,exam,684
suitcase,suitcase,683
gum,gum,683
poetry,poetry,682
struggle,struggle,682
possession,possession,680
citizen,citizen,680
thunder,thunder,679
session,session,678
paradise,paradise,676
motive,motive,675
palm,palm,675
shell,shell,674
hut,hut,674
pit,pit,674
cattle,cattle,674
waiter,waiter,673
pile,pile,672
basket,basket,672
fucker,fucker,671
sire,sire,671
motor,motor,671
missile,missile,670
monitor,monitor,669
organization,organization,668
stroke,stroke,667
engagement,engagement,666
goose,goose,665
rap,rap,665
halloween,halloween,665
limit,limit,664
appeal,appeal,663
drawer,drawer,663
blade,blade,663
identity,identity,662
blanket,blanket,662
inch,inches,660
cigar,cigar,660
mob,mob,660
sack,sack,659
clerk,clerk,658
parade,parade,657
activity,activity,657
award,award,657
lamp,lamp,657
scout,scout,657
profile,profile,657
comment,comment,654
hatch,hatch,654
environment,environment,652
fighter,fighter,652
medication,medication,652
expression,expression,651
manner,manners,651
chamber,chamber,650
task,task,649
capital,capital,648
lobby,lobby,647
tub,tub,647
chin,chin,647
toe,toe,647
empire,empire,646
string,string,646
pump,pump,645
production,production,645
nap,nap,645
description,description,645
con,con,644
beard,beard,643
twist,twist,643
pole,pole,642
soccer,soccer,640
bingo,bingo,640
entertainment,entertainment,640
hammer,hammer,636
german,germans,636
act,acts,636
sheet,sheets,636
producer,producer,636
rehearsal,rehearsal,635
breast,breasts,634
rear,rear,634
railroad,railroad,634
academy,academy,633
battery,battery,633
editor,editor,633
diner,diner,632
sailor,sailor,632
bump,bump,630
peanut,peanut,630
lawn,lawn,630
convention,convention,629
revolution,revolution,629
phase,phase,629
good,goods,628
item,item,628
excitement,excitement,628
episode,episode,627
pan,pan,627
passenger,passengers,627
cruise,cruise,626
coma,coma,626
development,development,625
commissioner,commissioner,624
suggestion,suggestion,622
signature,signature,622
scientist,scientist,621
labor,labor,621
accent,accent,621
hollow,hollow,621
robot,robot,621
entry,entry,620
generation,generation,619
servant,servant,619
discussion,discussion,619
brass,brass,618
widow,widow,617
kidnap,kidnapping,617
psychiatrist,psychiatrist,615
dime,dime,615
vault,vault,614
fight,fights,614
lemon,lemon,613
tale,tale,612
criminal,criminals,612
bargain,bargain,612
clay,clay,612
combination,combination,611
log,log,610
employee,employees,610
tattoo,tattoo,610
basis,basis,609
link,link,609
jazz,jazz,608
needle,needle,608
mistress,mistress,606
chef,chef,606
chairman,chairman,605
dish,dishes,605
bacon,bacon,605
chapter,chapter,604
rocket,rocket,604
farmer,farmer,604
sunshine,sunshine,604
frog,frog,603
thumb,thumb,603
comedy,comedy,602
terrorist,terrorists,601
weed,weed,600
being,beings,599
cloud,cloud,599
dining,dining,598
policeman,policeman,598
mount,mount,597
picnic,picnic,596
fry,fries,596
engineer,engineer,596
existence,existence,596
chopper,chopper,596
industry,industry,596
individual,individual,596
loyalty,loyalty,595
worker,workers,595
shelter,shelter,595
management,management,594
carpet,carpet,594
ham,ham,591
plot,plot,591
appearance,appearance,591
medal,medal,590
hockey,hockey,588
waitress,waitress,588
destruction,destruction,587
eagle,eagle,586
fingerprint,fingerprints,586
electricity,electricity,584
puppy,puppy,584
discovery,discovery,584
perfume,perfume,583
temper,temper,582
theatre,theatre,582
roommate,roommate,581
pillow,pillow,581
promise,promises,580
elephant,elephant,580
trailer,trailer,579
photograph,photograph,579
shrink,shrink,577
killers,killers,577
rage,rage,577
applause,applause,576
potato,potato,576
painting,paintings,575
gin,gin,575
whale,whale,574
announcer,announcer,574
creep,creep,573
warden,warden,573
transport,transport,571
gig,gig,571
dentist,dentist,571
reception,reception,568
bureau,bureau,568
billion,billion,568
tool,tools,567
luggage,luggage,567
brandy,brandy,567
nest,nest,566
wisdom,wisdom,565
massage,massage,565
function,function,565
jewelry,jewelry,564
boarding,boarding,564
analysis,analysis,563
nail,nails,563
delay,delay,562
psycho,psycho,562
harbor,harbor,562
register,register,561
election,election,560
intention,intention,559
column,column,559
profit,profit,559
assistance,assistance,558
verdict,verdict,558
booze,booze,558
emotion,emotions,558
herr,herr,557
airplane,airplane,557
promotion,promotion,557
bra,bra,557
rhythm,rhythm,556
round,rounds,555
cocktail,cocktail,555
corps,corps,555
lance,lance,554
pumpkin,pumpkin,553
clothing,clothing,553
concept,concept,553
grief,grief,552
dignity,dignity,551
deposit,deposit,551
commitment,commitment,550
instant,instant,550
jew,jew,549
holly,holly,548
salary,salary,548
banana,banana,547
rod,rod,547
tissue,tissue,547
subway,subway,546
campus,campus,546
pope,pope,546
lamb,lamb,542
privilege,privilege,542
barrel,barrel,542
wizard,wizard,542
worry,worries,541
fund,fund,541
executive,executive,541
traitor,traitor,540
lung,lungs,540
fleet,fleet,540
statue,statue,540
consequence,consequences,539
payment,payment,538
goat,goat,537
pork,pork,537
bet,bets,537
candle,candles,536
collar,collar,536
lecture,lecture,534
passport,passport,534
publicity,publicity,534
root,root,534
dice,dice,533
parole,parole,533
salesman,salesman,532
plug,plug,531
nanny,nanny,531
rumor,rumor,531
rug,rug,531
paperwork,paperwork,531
cal,cal,530
tellin,tellin,530
narrator,narrator,529
bee,bee,528
communication,communication,528
wrist,wrist,527
conspiracy,conspiracy,526
sunset,sunset,526
misery,misery,526
reservation,reservation,526
announcement,announcement,525
curtain,curtain,525
jeep,jeep,524
abuse,abuse,523
ballet,ballet,523
blue,blues,523
compliment,compliment,523
sum,sum,523
album,album,522
burger,burger,522
jews,jews,520
gunshot,gunshot,520
injury,injury,520
brick,brick,519
priority,priority,519
structure,structure,519
complaint,complaint,518
leak,leak,517
worm,worm,516
warrior,warrior,516
vodka,vodka,515
survival,survival,515
corpse,corpse,515
spider,spider,515
document,document,515
dynamite,dynamite,515
branch,branch,514
pistol,pistol,513
budget,budget,513
envelope,envelope,513
relative,relatives,513
novel,novel,513
shotgun,shotgun,512
fraud,fraud,512
bucket,bucket,511
application,application,510
russians,russians,510
heel,heels,510
building,buildings,509
excellency,excellency,509
warehouse,warehouse,509
skirt,skirt,508
acid,acid,508
menu,menu,508
butler,butler,508
scholarship,scholarship,507
counselor,counselor,506
visitor,visitors,506
festival,festival,505
centre,centre,505
scum,scum,505
oath,oath,504
bachelor,bachelor,504
celebration,celebration,504
ash,ashes,503
pencil,pencil,503
arrangement,arrangements,502
tie,ties,502
fridge,fridge,502
burden,burden,501
core,core,501
heroin,heroin,501
mummy,mummy,500
championship,championship,500
dummy,dummy,500
graduation,graduation,500
shooter,shooter,499
silk,silk,499
ransom,ransom,498
bartender,bartender,498
necklace,necklace,497
taxis,taxes,497
dock,dock,497
investment,investment,497
execution,execution,497
coin,coin,497
bait,bait,496
demand,demands,495
humanity,humanity,495
blessing,blessing,495
kidney,kidney,494
grip,grip,494
fee,fee,494
polish,polish,493
ape,ape,493
bench,bench,493
atmosphere,atmosphere,493
pancake,pancakes,492
spray,spray,492
porch,porch,491
marine,marines,491
alien,aliens,491
autopsy,autopsy,489
daylight,daylight,488
sort,sorts,488
pace,pace,488
relation,relations,487
hallway,hallway,487
mill,mill,486
niece,niece,486
therapist,therapist,485
scale,scale,485
lesbian,lesbian,485
retreat,retreat,484
helmet,helmet,483
chart,chart,483
farewell,farewell,482
aircraft,aircraft,482
fog,fog,482
physics,physics,482
strategy,strategy,482
scan,scan,480
short,shorts,480
ton,tons,480
impact,impact,480
chaos,chaos,479
maniac,maniac,479
cellar,cellar,478
cover,covers,478
vessel,vessel,477
alternative,alternative,476
height,height,476
deed,deed,475
debate,debate,474
error,error,473
amber,amber,473
ladder,ladder,472
telegram,telegram,471
poet,poet,470
resource,resources,470
web,web,470
hint,hint,469
bree,bree,469
bonus,bonus,469
stunt,stunt,469
horror,horror,468
snack,snack,466
popcorn,popcorn,465
conclusion,conclusion,465
photographer,photographer,465
alliance,alliance,465
phrase,phrase,464
population,population,464
recovery,recovery,464
tournament,tournament,464
penalty,penalty,464
discipline,discipline,462
cart,cart,461
wax,wax,461
perimeter,perimeter,461
flame,flame,461
coffin,coffin,461
profession,profession,461
kindness,kindness,460
yankee,yankee,459
cargo,cargo,459
terror,terror,459
certificate,certificate,458
associate,associate,458
swamp,swamp,458
coroner,coroner,458
diary,diary,458
broadcast,broadcast,457
lighter,lighter,457
fluid,fluid,456
appetite,appetite,456
barbecue,barbecue,456
technique,technique,456
ritual,ritual,456
motorcycle,motorcycle,455
weakness,weakness,454
creek,creek,454
auction,auction,454
contrary,contrary,454
oven,oven,453
journal,journal,453
storage,storage,452
helio,helio,451
fork,fork,450
reunion,reunion,450
lipstick,lipstick,449
pepper,pepper,449
proposal,proposal,448
cough,cough,448
roll,rolls,448
protest,protest,448
hurricane,hurricane,447
goddess,goddess,447
mankind,mankind,447
wrestling,wrestling,446
infection,infection,446
beam,beam,445
deer,deer,444
anyways,anyways,444
flu,flu,444
colour,colour,444
cannon,cannon,444
shrimp,shrimp,444
conflict,conflict,444
cemetery,cemetery,443
chemistry,chemistry,442
balloon,balloon,442
fame,fame,441
excuse,excuses,441
throne,throne,441
tin,tin,441
morgue,morgue,440
pimp,pimp,440
rig,rig,440
setup,setup,440
drain,drain,440
tan,tan,439
symbol,symbol,438
briefcase,briefcase,438
comrade,comrade,436
raid,raid,436
tension,tension,436
solo,solo,436
slice,slice,435
curiosity,curiosity,435
display,display,435
transmission,transmission,435
butcher,butcher,434
gallery,gallery,434
candidate,candidate,434
invasion,invasion,434
robe,robe,433
laser,laser,433
rank,rank,433
til,til,433
lunatic,lunatic,433
scar,scar,432
reference,reference,432
sens,senses,432
kiddo,kiddo,432
drum,drum,432
limo,limo,432
nickel,nickel,431
affection,affection,431
retirement,retirement,431
madness,madness,431
resistance,resistance,431
software,software,430
granny,granny,430
thrill,thrill,429
haircut,haircut,429
inn,inn,428
approval,approval,428
sequence,sequence,428
instinct,instincts,428
courtroom,courtroom,427
refrigerator,refrigerator,427
rib,ribs,426
wig,wig,426
sympathy,sympathy,426
ceiling,ceiling,426
alibi,alibi,426
cane,cane,425
civilization,civilization,425
cabinet,cabinet,425
delta,delta,425
doorbell,doorbell,425
plague,plague,424
jar,jar,424
tramp,tramp,423
fur,fur,422
footage,footage,422
arrival,arrival,422
philosophy,philosophy,422
misunderstand,misunderstanding,422
depth,depth,421
cocaine,cocaine,421
illusion,illusion,421
residence,residence,421
perspective,perspective,419
yacht,yacht,419
radiation,radiation,419
congress,congress,419
harmony,harmony,419
shield,shield,418
canyon,canyon,418
mademoiselle,mademoiselle,417
lan,lan,417
autograph,autograph,416
pad,pad,415
minimum,minimum,415
association,association,414
courtesy,courtesy,414
alpha,alpha,414
scandal,scandal,414
capacity,capacity,413
instrument,instrument,413
consciousness,consciousness,413
missy,missy,413
pony,pony,413
ski,ski,413
enterprise,enterprise,413
momma,momma,412
mole,mole,411
messenger,messenger,411
hose,hose,411
rash,rash,410
breeze,breeze,410
stream,stream,410
tray,tray,410
identification,identification,409
ankle,ankle,409
disgrace,disgrace,409
exception,exception,409
defence,defence,409
tuna,tuna,408
bubble,bubble,408
pod,pod,408
manual,manual,408
eternity,eternity,407
rainbow,rainbow,407
cooperation,cooperation,407
password,password,407
symptom,symptoms,407
grandson,grandson,407
chapel,chapel,406
depression,depression,406
sickness,sickness,405
author,author,405
forgiveness,forgiveness,405
martini,martini,405
businessman,businessman,404
method,method,402
proposition,proposition,402
welfare,welfare,402
prosecution,prosecution,401
formula,formula,401
auntie,auntie,401
lounge,lounge,401
arrow,arrow,400
sis,sis,400
back,backs,400
vote,votes,400
forehead,forehead,400
attic,attic,400
saddle,saddle,399
groom,groom,399
bracelet,bracelet,398
kiss,kisses,398
disguise,disguise,398
rack,rack,397
cue,cue,397
sausage,sausage,397
gossip,gossip,397
embassy,embassy,397
hamburger,hamburger,397
soil,soil,397
institution,institution,396
aspirin,aspirin,395
principle,principle,395
gratitude,gratitude,395
corporation,corporation,393
expense,expenses,393
shaft,shaft,393
rider,rider,393
can,cans,391
auto,auto,391
insanity,insanity,391
importance,importance,390
terminal,terminal,390
passage,passage,390
sub,sub,390
magician,magician,390
content,content,389
pickup,pickup,389
spoon,spoon,388
exhibit,exhibit,388
belief,belief,388
recipe,recipe,388
stove,stove,387
administration,administration,387
seed,seed,386
karate,karate,386
violation,violation,385
bass,bass,385
prostitute,prostitute,385
prep,prep,385
trophy,trophy,385
saving,savings,384
knights,knights,384
hunch,hunch,383
offer,offers,383
bombing,bombing,382
rum,rum,382
protocol,protocol,382
easter,easter,382
ink,ink,382
chili,chili,382
umbrella,umbrella,382
gram,grams,382
ego,ego,382
carriage,carriage,381
observation,observation,380
chess,chess,380
potion,potion,380
aisle,aisle,379
racket,racket,379
ranger,ranger,379
receipt,receipt,379
gesture,gesture,379
shepherd,shepherd,379
consent,consent,379
advertise,advertising,379
income,income,378
anchor,anchor,378
guidance,guidance,376
prescription,prescription,376
monk,monk,376
fist,fist,375
tide,tide,375
regard,regard,375
freshman,freshman,375
pirate,pirate,375
resident,resident,374
precinct,precinct,374
puzzle,puzzle,374
lobster,lobster,374
breakdown,breakdown,373
suspicion,suspicion,373
agenda,agenda,373
balcony,balcony,373
casualty,casualties,373
celebrity,celebrity,372
panel,panel,372
armor,armor,372
sissy,sissy,372
illness,illness,371
draft,draft,371
distress,distress,371
organ,organ,370
scheme,scheme,370
tick,tick,370
jewel,jewels,370
factor,factor,370
dorm,dorm,369
abortion,abortion,369
backyard,backyard,369
honesty,honesty,368
standard,standards,368
bully,bully,368
platoon,platoon,368
rally,rally,368
presentation,presentation,368
integrity,integrity,367
reserve,reserve,366
bounty,bounty,366
demonstration,demonstration,366
prosecutor,prosecutor,366
cheek,cheek,365
ant,ants,365
fuss,fuss,364
disorder,disorder,364
substance,substance,364
jaw,jaw,364
carnival,carnival,363
confusion,confusion,363
jelly,jelly,363
calendar,calendar,363
submarine,submarine,362
inspiration,inspiration,362
compound,compound,361
ridge,ridge,361
meter,meters,361
strain,strain,361
sector,sector,360
gag,gag,360
cool,cooler,360
memorial,memorial,360
herd,herd,360
pursuit,pursuit,359
objective,objective,359
elder,elder,359
fed,feds,359
length,length,358
guardian,guardian,358
mule,mule,358
sting,sting,358
cord,cord,358
fax,fax,357
official,officials,356
grunt,grunts,356
tobacco,tobacco,356
nun,nun,355
shelf,shelf,355
satisfaction,satisfaction,355
moonlight,moonlight,354
tis,tis,354
semester,semester,354
hobby,hobby,354
stud,stud,354
grease,grease,354
volume,volume,354
household,household,354
cleaner,cleaner,353
geek,geek,353
myth,myth,352
element,elements,352
speaker,speaker,352
fountain,fountain,352
pervert,pervert,352
resort,resort,352
crab,crab,352
bolt,bolt,351
gravity,gravity,351
pledge,pledge,351
teenager,teenager,351
razor,razor,351
label,label,351
slick,slick,350
echo,echo,350
clearance,clearance,350
chow,chow,350
sorrow,sorrow,350
mug,mug,349
maintenance,maintenance,349
plea,plea,349
shovel,shovel,349
shorty,shorty,349
coordinate,coordinates,348
attraction,attraction,348
hardware,hardware,348
jackass,jackass,347
colleague,colleague,346
nickname,nickname,346
loop,loop,345
anxiety,anxiety,345
greeting,greetings,345
theft,theft,344
obligation,obligation,344
psych,psych,344
painter,painter,344
lottery,lottery,344
driveway,driveway,343
feast,feast,342
sponge,sponge,342
logic,logic,342
preacher,preacher,342
rabbi,rabbi,342
lodge,lodge,341
covenant,covenant,341
scissor,scissors,341
lock,locks,341
commonwealth,commonwealth,340
bond,bonds,340
circuit,circuit,340
final,finals,340
leap,leap,340
enforcement,enforcement,339
galaxy,galaxy,339
urge,urge,339
brake,brakes,339
dot,dot,338
feather,feather,338
gypsy,gypsy,338
disk,disk,338
vegetable,vegetables,338
jean,jeans,337
bicycle,bicycle,337
democracy,democracy,337
frequency,frequency,337
melody,melody,337
memo,memo,337
mattress,mattress,337
innocence,innocence,336
notion,notion,336
copper,copper,336
coal,coal,335
gown,gown,334
starboard,starboard,334
pier,pier,334
architect,architect,334
siren,siren,334
consideration,consideration,334
salmon,salmon,334
internet,internet,334
pregnancy,pregnancy,334
gasoline,gasoline,333
hike,hike,333
registration,registration,333
detention,detention,333
engineering,engineering,333
survivor,survivors,333
doubt,doubts,332
urine,urine,332
beep,beep,332
morphine,morphine,331
laboratory,laboratory,331
riot,riot,331
explosive,explosives,331
vow,vows,331
airline,airline,331
senate,senate,331
rehab,rehab,331
wardrobe,wardrobe,330
granddaughter,granddaughter,330
growth,growth,329
mansion,mansion,329
mustard,mustard,329
cheerleader,cheerleader,329
ram,ram,328
fart,fart,328
stew,stew,328
whereabout,whereabouts,327
drift,drift,327
discharge,discharge,327
stern,stern,327
quest,quest,327
torpedo,torpedo,326
canal,canal,326
tech,tech,326
carrier,carrier,326
healing,healing,326
custom,customs,326
literature,literature,326
regulation,regulations,325
congressman,congressman,325
tribe,tribe,325
purchase,purchase,325
hay,hay,325
earthquake,earthquake,325
bein,bein,324
cereal,cereal,324
wealth,wealth,324
surf,surf,324
chap,chap,324
share,shares,324
peach,peach,324
pond,pond,323
companion,companion,323
nursing,nursing,323
breed,breed,323
lighting,lighting,323
absence,absence,322
stripe,stripes,322
footstep,footsteps,322
shipment,shipment,322
shipping,shipping,322
settlement,settlement,322
prophecy,prophecy,321
bunk,bunk,320
spark,spark,320
velvet,velvet,320
lease,lease,320
syndrome,syndrome,320
scenario,scenario,319
timer,timer,319
bourbon,bourbon,319
compassion,compassion,319
baggage,baggage,318
willow,willow,318
coverage,coverage,318
sperm,sperm,318
straw,straw,318
overtime,overtime,318
screech,screech,318
replacement,replacement,317
brat,brat,317
bluff,bluff,317
cavalry,cavalry,317
breach,breach,317
crib,crib,316
bedtime,bedtime,316
wheelchair,wheelchair,316
mine,mines,316
alcoholic,alcoholic,316
stain,stain,316
pine,pine,316
camping,camping,315
accountant,accountant,315
pudding,pudding,314
fare,fare,314
countess,countess,314
booty,booty,313
platform,platform,313
elbow,elbow,313
scam,scam,313
earring,earrings,313
physician,physician,313
essay,essay,313
den,den,312
stadium,stadium,312
yen,yen,312
pinch,pinch,312
rendezvous,rendezvous,312
cloth,cloth,311
journalist,journalist,311
stack,stack,311
lawsuit,lawsuit,311
investigator,investigator,311
bathtub,bathtub,311
invention,invention,310
ketchup,ketchup,310
fiction,fiction,310
creation,creation,310
chorus,chorus,310
noodle,noodles,309
sunrise,sunrise,309
dash,dash,308
musician,musician,308
ahold,ahold,307
luxury,luxury,307
civilian,civilians,306
garlic,garlic,306
voyage,voyage,306
trading,trading,305
poster,poster,305
drake,drake,304
supervisor,supervisor,304
shade,shade,304
compartment,compartment,304
scent,scent,304
graf,graves,304
stereo,stereo,304
parlor,parlor,303
peak,peak,303
conviction,conviction,303
stamp,stamp,302
colony,colony,302
assassin,assassin,302
spaghetti,spaghetti,302
slack,slack,302
flashlight,flashlight,302
banner,banner,302
dance,dances,302
wit,wit,302
grocery,groceries,301
plaza,plaza,301
regret,regrets,301
tomato,tomato,301
handwriting,handwriting,301
pigeon,pigeon,301
mortgage,mortgage,301
inspection,inspection,300
mayday,mayday,300
hunger,hunger,300
destination,destination,300
cycle,cycle,300
glue,glue,300
ammunition,ammunition,300
harassment,harassment,300
deadline,deadline,299
tequila,tequila,299
probation,probation,299
despair,despair,299
sofa,sofa,299
housekeeper,housekeeper,298
battalion,battalion,298
documentary,documentary,298
feature,feature,298
niggas,niggas,297
muffin,muffin,297
wonder,wonders,297
pajama,pajamas,297
economy,economy,296
vet,vet,296
definition,definition,296
tow,tow,295
neighbourhood,neighbourhood,295
streak,streak,295
senor,senor,295
disco,disco,294
tab,tab,294
variety,variety,294
cracker,cracker,294
vacuum,vacuum,294
cheque,cheque,294
spine,spine,293
orphan,orphan,293
jealousy,jealousy,293
dam,dam,293
roller,roller,293
glow,glow,293
wheat,wheat,293
janitor,janitor,292
cadillac,cadillac,292
bodyguard,bodyguard,292
butts,butts,292
chemical,chemicals,291
millionaire,millionaire,291
medic,medic,291
era,era,291
flood,flood,291
automobile,automobile,291
exposure,exposure,291
cuff,cuff,291
handful,handful,291
database,database,290
toad,toad,290
attaboy,attaboy,290
generator,generator,290
clip,clip,290
interrogation,interrogation,289
onion,onions,289
craft,craft,289
scoop,scoop,289
cafeteria,cafeteria,289
intel,intel,289
expedition,expedition,289
crook,crook,289
obsession,obsession,289
shack,shack,288
orbit,orbit,288
delight,delight,288
tomb,tomb,287
suction,suction,287
chauffeur,chauffeur,287
firework,fireworks,287
essence,essence,287
doom,doom,286
republic,republic,286
quarrel,quarrel,286
intent,intent,286
sleeve,sleeve,286
oak,oak,286
owl,owl,286
scope,scope,286
knot,knots,285
rubbish,rubbish,285
difficulty,difficulty,285
poop,poop,285
felony,felony,285
quantum,quantum,285
dove,dove,284
audio,audio,284
encounter,encounter,284
lust,lust,284
corridor,corridor,284
vest,vest,284
trainer,trainer,284
heartbeat,heartbeat,284
rodeo,rodeo,283
foreman,foreman,283
transportation,transportation,283
gorilla,gorilla,283
ghetto,ghetto,282
strawberry,strawberry,282
maiden,maiden,282
freeway,freeway,282
grid,grid,282
moose,moose,282
cola,cola,282
vein,veins,282
constitution,constitution,282
concentration,concentration,282
shuttle,shuttle,282
burglar,burglar,282
scumbag,scumbag,281
orchestra,orchestra,281
lemonade,lemonade,281
col,col,281
assassination,assassination,281
prey,prey,281
examination,examination,281
butterfly,butterfly,281
bark,bark,280
slot,slot,280
confirmation,confirmation,280
bite,bites,280
warp,warp,280
artillery,artillery,280
barber,barber,279
waltz,waltz,279
sidewalk,sidewalk,279
runway,runway,279
puppet,puppet,279
psychology,psychology,279
ancestor,ancestors,279
squirrel,squirrel,279
nazi,nazis,278
slaughter,slaughter,278
jasmine,jasmine,278
godfather,godfather,278
reader,reader,278
ambush,ambush,277
portrait,portrait,277
politician,politicians,277
disappointment,disappointment,277
mint,mint,277
vengeance,vengeance,276
leopard,leopard,276
hatre,hatred,276
tourist,tourists,276
perfection,perfection,275
behaviour,behaviour,275
pause,pause,275
fag,fag,275
extension,extension,275
departure,departure,275
employer,employer,274
ammo,ammo,274
tango,tango,274
bin,bin,274
donkey,donkey,273
ferry,ferry,273
orphanage,orphanage,273
sponsor,sponsor,273
finance,finance,273
ambition,ambition,273
acquaintance,acquaintance,273
ethic,ethics,273
addict,addict,273
rebel,rebel,273
offence,offence,273
employment,employment,272
specialty,specialty,272
landlord,landlord,272
peek,peek,272
prophet,prophet,272
gangster,gangster,272
graveyard,graveyard,272
blouse,blouse,272
evolution,evolution,272
topic,topic,271
choir,choir,271
jurisdiction,jurisdiction,271
marijuana,marijuana,271
artery,artery,271
representative,representative,270
diaper,diapers,270
spice,spice,270
partnership,partnership,270
dose,dose,270
cottage,cottage,270
madman,madman,269
pearl,pearls,269
impulse,impulse,269
humour,humour,269
gravy,gravy,269
bruise,bruises,269
measure,measures,268
expectation,expectations,268
kung,kung,268
denial,denial,268
trance,trance,268
marker,marker,267
stripper,stripper,267
gutter,gutter,267
interior,interior,267
carbon,carbon,267
designer,designer,267
text,text,267
tribute,tribute,267
disrespect,disrespect,267
marble,marble,266
gunfire,gunfire,266
vibe,vibe,266
heir,heir,266
globe,globe,266
allowance,allowance,265
boogie,boogie,265
junkie,junkie,265
leaf,leaf,265
do,dont,265
fracture,fracture,264
videotape,videotape,264
specialist,specialist,264
fugitive,fugitive,264
buyer,buyer,264
virtue,virtue,263
banquet,banquet,263
override,override,263
strap,strap,263
tumor,tumor,263
handcuff,handcuffs,263
hunk,hunk,263
slipper,slippers,263
caution,caution,263
condom,condom,263
thread,thread,263
mode,mode,263
trouser,trousers,263
freezer,freezer,263
valet,valet,263
volunteer,volunteers,263
rep,rep,263
narcotic,narcotics,262
waist,waist,262
saloon,saloon,262
sensor,sensors,262
appreciation,appreciation,261
drip,drip,261
hog,hog,261
majority,majority,261
skeleton,skeleton,261
franc,francs,261
playground,playground,260
fatty,fatty,260
motto,motto,260
sip,sip,260
syrup,syrup,260
asset,assets,260
transplant,transplant,260
altar,altar,259
jade,jade,259
treason,treason,259
fireplace,fireplace,259
lyric,lyrics,259
premise,premises,259
jingle,jingle,258
mechanic,mechanic,258
recommendation,recommendation,258
ribbon,ribbon,258
cafe,cafe,258
flick,flick,257
pneumonia,pneumonia,257
stash,stash,257
payroll,payroll,257
hound,hound,257
camel,camel,256
legacy,legacy,256
cocoa,cocoa,256
salvation,salvation,256
reflection,reflection,256
region,region,256
contempt,contempt,256
paramedic,paramedics,255
toothbrush,toothbrush,255
flavor,flavor,255
nemo,nemo,255
stitch,stitches,255
loneliness,loneliness,255
supermarket,supermarket,255
torch,torch,254
plasma,plasma,254
herb,herb,254
birdie,birdie,253
runner,runner,253
touchdown,touchdown,253
par,par,253
slug,slug,253
recorder,recorder,252
mustache,mustache,252
update,update,252
lifestyle,lifestyle,252
quiz,quiz,252
sketch,sketch,252
rookie,rookie,252
lid,lid,251
licence,licence,251
maker,maker,251
dagger,dagger,251
finn,finn,251
weasel,weasel,250
disposal,disposal,250
biology,biology,250
heap,heap,249
involvement,involvement,249
axe,axe,249
leadership,leadership,249
edition,edition,249
sensation,sensation,249
consulate,consulate,249
merci,merci,248
separation,separation,248
faculty,faculty,248
crop,crop,248
fuse,fuse,248
embarrassment,embarrassment,247
hunter,hunters,247
pension,pension,247
valve,valve,247
lizard,lizard,247
plumbing,plumbing,247
jockey,jockey,247
decade,decade,247
regiment,regiment,247
rental,rental,246
beaver,beaver,246
assembly,assembly,245
convenience,convenience,245
greed,greed,245
fabric,fabric,245
reply,reply,245
merchandise,merchandise,245
homeland,homeland,244
rag,rag,244
pussycat,pussycat,244
pageant,pageant,244
sadness,sadness,244
voodoo,voodoo,243
marketing,marketing,243
broom,broom,243
grain,grain,243
mates,mates,243
estimate,estimate,243
quarterback,quarterback,243
discount,discount,243
banker,banker,243
speciman,specimen,242
burial,burial,242
violin,violin,242
med,meds,242
onboard,onboard,241
tactic,tactics,241
homosexual,homosexual,241
kitten,kitten,241
yearbook,yearbook,241
gulf,gulf,241
venture,venture,241
affirmative,affirmative,241
instructor,instructor,240
opponent,opponent,240
sewer,sewer,240
raft,raft,240
souvenir,souvenir,240
scarf,scarf,239
adoption,adoption,239
spa,spa,239
translation,translation,239
commercial,commercials,239
cutter,cutter,239
robber,robber,239
treaty,treaty,239
bunker,bunker,239
tad,tad,238
substitute,substitute,238
len,lens,238
chatter,chatter,238
mafia,mafia,238
limb,limb,238
inventory,inventory,238
realm,realm,238
humiliation,humiliation,238
bloke,bloke,238
verse,verse,238
interference,interference,237
pea,peas,237
nightclub,nightclub,237
flock,flock,237
triumph,triumph,237
gideon,gideon,237
decency,decency,236
flank,flank,236
sunlight,sunlight,236
babysitter,babysitter,236
dimension,dimension,236
pickle,pickle,235
programme,programme,235
tutor,tutor,235
midget,midget,235
notebook,notebook,235
grenade,grenade,235
initial,initials,235
athlete,athlete,235
curve,curve,235
pike,pike,234
salon,salon,234
asylum,asylum,234
curfew,curfew,234
schmuck,schmuck,234
bidding,bidding,234
cement,cement,234
phenomenon,phenomenon,234
gambler,gambler,234
coconut,coconut,234
acre,acres,234
sneaker,sneakers,233
grasp,grasp,233
recognition,recognition,233
irony,irony,233
briefing,briefing,233
visit,visits,233
joker,joker,233
rail,rail,233
garrison,garrison,233
intern,intern,232
bulldog,bulldog,232
white,whites,232
microphone,microphone,232
spear,spear,232
selection,selection,232
drawing,drawings,232
communist,communists,231
doughnut,doughnuts,231
hospitality,hospitality,231
penthouse,penthouse,231
dryer,dryer,231
professional,professionals,231
pack,packs,231
filth,filth,231
riddle,riddle,231
protein,protein,230
publisher,publisher,230
accounting,accounting,230
boost,boost,230
plumber,plumber,229
enthusiasm,enthusiasm,229
concussion,concussion,229
marathon,marathon,228
horizon,horizon,228
duchess,duchess,228
loaf,loaf,228
quarantine,quarantine,227
lookout,lookout,227
crow,crow,227
yoga,yoga,227
puff,puff,227
cult,cult,227
origin,origin,227
warmth,warmth,227
guinea,guinea,227
classroom,classroom,227
survey,survey,227
grill,grill,227
werewolf,werewolf,227
grudge,grudge,226
barrack,barracks,226
inconvenience,inconvenience,226
claws,claws,226
buffet,buffet,226
swine,swine,226
peep,peep,226
trooper,trooper,226
advisor,advisor,225
hump,hump,225
piggy,piggy,225
vent,vent,225
probe,probe,225
rhyme,rhyme,225
courthouse,courthouse,225
doggy,doggy,225
ruin,ruins,225
evaluation,evaluation,225
blackout,blackout,225
villa,villa,224
squadron,squadron,224
mash,mash,224
radius,radius,224
dandy,dandy,224
remark,remark,224
scrap,scrap,223
claw,claw,223
squash,squash,223
giant,giants,223
contribution,contribution,223
caller,caller,222
portal,portal,222
sushi,sushi,222
suspension,suspension,222
sniper,sniper,222
bugger,bugger,222
comic_strip,comics,221
antidote,antidote,221
ray,rays,221
fisherman,fisherman,221
pawn,pawn,221
poverty,poverty,221
posse,posse,221
portion,portion,221
collector,collector,220
website,website,220
sanctuary,sanctuary,220
ballroom,ballroom,220
disappearance,disappearance,220
truce,truce,220
drugstore,drugstore,219
pastor,pastor,219
leash,leash,219
millennium,millennium,219
min,min,219
container,container,219
diagnosis,diagnosis,219
superintendent,superintendent,219
mold,mold,219
melon,melon,218
corruption,corruption,218
turf,turf,218
gap,gap,218
triangle,triangle,218
introduction,introduction,218
kin,kin,218
paycheck,paycheck,218
olympic,olympics,217
seminar,seminar,217
temptation,temptation,216
stepmother,stepmother,216
accomplice,accomplice,216
visa,visa,216
pasta,pasta,216
immunity,immunity,216
canvas,canvas,216
betrayal,betrayal,216
native,natives,216
hull,hull,215
hurley,hurley,215
petition,petition,215
infant,infant,215
skate,skates,215
splash,splash,215
flare,flare,215
shampoo,shampoo,215
padre,padre,215
condo,condo,215
handkerchief,handkerchief,214
gardener,gardener,214
grandparent,grandparents,214
headline,headlines,214
chore,chores,214
bomber,bomber,214
op,ops,214
greatness,greatness,213
dork,dork,213
itch,itch,213
tailor,tailor,213
informant,informant,213
chimney,chimney,213
villain,villain,212
mailbox,mailbox,212
batch,batch,212
brotherhood,brotherhood,212
rye,rye,212
bummer,bummer,212
ignition,ignition,212
groove,groove,212
chunk,chunk,211
injection,injection,211
bandit,bandits,211
sonar,sonar,211
stroll,stroll,211
postcard,postcard,211
counseling,counseling,211
mop,mop,211
devotion,devotion,211
vanity,vanity,210
cha,cha,210
chancellor,chancellor,210
occupation,occupation,210
morale,morale,210
fingernail,fingernails,210
establishment,establishment,210
trumpet,trumpet,210
amendment,amendment,209
void,void,209
clan,clan,209
givin,givin,209
terrorism,terrorism,209
chump,chump,209
crate,crate,209
comedian,comedian,209
curb,curb,209
teen,teen,209
blackjack,blackjack,208
alia,alias,208
cardinal,cardinal,208
keeper,keeper,208
phantom,phantom,208
dialogue,dialogue,208
hulk,hulk,208
donor,donor,208
hitch,hitch,208
compass,compass,207
housing,housing,207
extent,extent,207
steer,steering,207
complication,complications,207
rev,rev,207
nursery,nursery,207
slavery,slavery,207
category,category,207
exhibition,exhibition,207
gardens,gardens,206
ounce,ounce,206
tuition,tuition,206
preparation,preparation,206
gen,gen,206
republican,republican,206
fink,fink,206
kidnapper,kidnapper,206
knock,knocks,205
token,token,205
trout,trout,205
domino,domino,205
whisky,whisky,205
roar,roar,205
peasant,peasant,205
transmitter,transmitter,205
errand,errand,204
northwest,northwest,204
reef,reef,204
independence,independence,204
signor,signor,204
grape,grape,204
reactor,reactor,204
rating,ratings,204
pyramid,pyramid,204
prank,prank,204
jinx,jinx,204
duh,duh,203
formation,formation,203
dinosaur,dinosaur,203
expertise,expertise,203
dumpster,dumpster,203
batter,batter,203
vanilla,vanilla,203
eyewitness,eyewitness,202
astronaut,astronaut,202
merger,merger,202
bladder,bladder,202
wrench,wrench,202
massacre,massacre,202
mutt,mutt,202
vegetarian,vegetarian,202
nana,nana,202
dolphin,dolphins,202
ale,ale,202
shortcut,shortcut,201
fiance,fiance,201
buzzer,buzzer,201
retard,retard,201
rascal,rascal,201
wilderness,wilderness,201
outcome,outcome,201
sunglass,sunglasses,201
disturbance,disturbance,201
bulb,bulb,200
distraction,distraction,200
server,server,200
royalty,royalty,200
favorite,favorites,200
clam,clam,200
litter,litter,200
bookstore,bookstore,200
addiction,addiction,199
bundle,bundle,199
wrath,wrath,199
virginity,virginity,199
ark,ark,199
microwave,microwave,199
hangover,hangover,199
hometown,hometown,199
savage,savages,199
khan,khan,198
rudder,rudder,198
toaster,toaster,198
stains,stains,198
improvement,improvement,198
altitude,altitude,198
sew,sewing,198
cinema,cinema,198
metaphor,metaphor,198
wage,wages,198
carrot,carrots,198
photography,photography,198
grandchild,grandchildren,198
hazard,hazard,197
rooster,rooster,197
beacon,beacon,197
asthma,asthma,197
missus,missus,197
grove,grove,197
dye,dye,197
inmate,inmates,197
aspect,aspect,197
federation,federation,197
ministry,ministry,196
swat,swat,196
thigh,thighs,196
vase,vase,196
getaway,getaway,196
boxer,boxer,196
freight,freight,196
caviar,caviar,195
joint,joints,195
harvest,harvest,195
course,courses,195
neighbour,neighbours,195
hare,hare,195
journalism,journalism,195
fury,fury,195
kindergarten,kindergarten,195
payback,payback,195
tonic,tonic,195
treasury,treasury,194
crusade,crusade,194
publish,publishing,194
cripple,cripple,194
matrix,matrix,194
scenery,scenery,193
bun,buns,193
moustache,moustache,193
elf,elf,193
rival,rival,193
autumn,autumn,193
oyster,oysters,193
daytime,daytime,193
forensic,forensics,192
click,clicks,192
percentage,percentage,192
critic,critic,192
reminder,reminder,192
cartoon,cartoon,192
pact,pact,192
serum,serum,191
biscuit,biscuit,191
catcher,catcher,191
amusement,amusement,191
agony,agony,191
veteran,veteran,191
arse,arse,191
paddle,paddle,191
resignation,resignation,191
jap,jap,191
pub,pub,190
thirst,thirst,190
stocking,stockings,190
mechanism,mechanism,190
swimmer,swimmer,190
showtime,showtime,190
seizure,seizure,190
dictionary,dictionary,190
cathedral,cathedral,190
tractor,tractor,190
rogue,rogue,190
menace,menace,190
ahoy,ahoy,189
layer,layer,189
homo,homo,189
mink,mink,189
boundary,boundaries,189
monastery,monastery,189
brunch,brunch,189
sayid,sayid,189
hostess,hostess,189
morality,morality,189
judgement,judgement,189
info,info,189
lace,lace,189
premonition,premonition,189
stalker,stalker,189
premiere,premiere,189
amnesia,amnesia,189
jackpot,jackpot,189
footprint,footprints,188
prop,prop,188
patsy,patsy,188
bikini,bikini,188
tattoos,tattoos,188
observer,observer,188
pilgrim,pilgrim,188
arch,arch,188
archbishop,archbishop,188
spaceship,spaceship,188
scalp,scalp,188
hormone,hormones,188
comparison,comparison,187
antibiotic,antibiotics,187
drummer,drummer,187
discretion,discretion,187
plaintiff,plaintiff,187
gallon,gallons,187
consultant,consultant,187
machinery,machinery,187
continent,continent,187
limp,limp,187
intervention,intervention,186
loft,loft,186
scholar,scholar,186
consolation,consolation,186
intruder,intruder,186
currency,currency,186
redhead,redhead,186
backpack,backpack,186
betcha,betcha,186
local,locals,185
circulation,circulation,185
fudge,fudge,185
abduction,abduction,185
coyote,coyote,185
destroyer,destroyer,185
warlock,warlock,185
arena,arena,185
broker,broker,185
fiddle,fiddle,185
chute,chute,184
killing,killings,184
napkin,napkin,184
broad,broads,184
pupil,pupils,184
milord,milord,184
reform,reform,184
consul,consul,184
vital,vitals,184
ignorance,ignorance,184
blossom,blossom,184
gator,gator,184
commodore,commodore,184
zombie,zombie,184
authorization,authorization,184
lasagna,lasagna,183
mutant,mutant,183
bulletin,bulletin,183
chalk,chalk,183
psychologist,psychologist,183
bowel,bowel,183
referee,referee,183
bypass,bypass,182
burglary,burglary,182
cinch,cinch,182
decoy,decoy,182
dresser,dresser,182
slob,slob,182
starter,starters,182
canoe,canoe,182
bumper,bumper,181
indication,indication,181
underworld,underworld,181
lump,lump,181
loot,loot,181
mist,mist,181
veal,veal,181
saint,saints,181
convoy,convoy,181
symphony,symphony,181
vitamin,vitamins,181
admission,admission,181
meteor,meteor,180
dent,dent,180
assignments,assignments,180
resemblance,resemblance,180
masterpiece,masterpiece,180
wink,wink,180
christian,christians,180
declaration,declaration,180
swing,swings,180
brownie,brownie,180
hash,hash,180
bead,beads,180
fle,fling,180
perception,perception,180
housewife,housewife,180
climate,climate,180
countdown,countdown,180
countryside,countryside,180
ledge,ledge,179
hotshot,hotshot,179
donation,donation,179
bakery,bakery,179
foam,foam,179
gamma,gamma,179
rochelle,rochelle,179
mystique,mystique,179
stool,stool,179
crunch,crunch,179
sox,sox,178
polo,polo,178
brunette,brunette,178
inquiry,inquiry,178
mentor,mentor,178
genie,genie,178
layout,layout,178
thug,thug,178
mitzvah,mitzvah,178
heavyweight,heavyweight,178
pep,pep,178
prospect,prospect,178
alligator,alligator,178
recess,recess,178
significance,significance,178
sap,sap,178
achievement,achievement,178
equation,equation,178
mat,mat,178
tummy,tummy,177
commerce,commerce,177
miner,miners,177
laptop,laptop,177
womb,womb,177
analyst,analyst,177
secrecy,secrecy,177
cadet,cadet,176
karma,karma,176
knuckle,knuckles,176
schoolteacher,schoolteacher,176
tux,tux,176
amateur,amateurs,176
lava,lava,176
repair,repairs,176
glance,glance,175
jeopardy,jeopardy,175
intuition,intuition,175
midst,midst,175
superstar,superstar,175
beta,beta,175
chevy,chevy,175
breakthrough,breakthrough,175
keg,keg,175
triad,triad,175
pharmacy,pharmacy,175
southwest,southwest,175
mustang,mustang,175
mourn,mourning,175
thesis,thesis,174
precaution,precaution,174
negotiation,negotiations,174
fin,fin,174
epidemic,epidemic,174
arabic,arabic,174
bygone,bygones,174
sundown,sundown,174
cockroach,cockroach,174
kisser,kisser,174
plum,plum,174
manor,manor,174
believer,believer,174
hangar,hangar,173
lettuce,lettuce,173
barrier,barrier,173
avalanche,avalanche,173
partridge,partridge,173
female,females,173
terrace,terrace,173
flyer,flyer,173
jack,jacks,173
collateral,collateral,173
sigh,sigh,173
opener,opener,173
savior,savior,173
dedication,dedication,173
merit,merit,173
fortress,fortress,172
reindeer,reindeer,172
doorstep,doorstep,172
resurrection,resurrection,172
homey,homey,171
generosity,generosity,171
fraternity,fraternity,171
toll,toll,171
shithead,shithead,171
glimpse,glimpse,171
wallpaper,wallpaper,171
abdomen,abdomen,171
convent,convent,170
giggle,giggles,170
rich,riches,170
black,blacks,170
summit,summit,170
cobra,cobra,170
comeback,comeback,170
norm,norm,170
superhero,superhero,170
assumption,assumption,170
karaoke,karaoke,170
volcano,volcano,170
notch,notch,170
plantation,plantation,170
knockout,knockout,170
flea,flea,169
doggie,doggie,169
evacuation,evacuation,169
prototype,prototype,169
falcon,falcon,169
oatmeal,oatmeal,169
lime,lime,168
bandage,bandages,168
courier,courier,168
sync,sync,168
toot,toots,168
rejection,rejection,168
nerd,nerd,168
ping,ping,168
eyebrow,eyebrows,168
demo,demo,168
adrenaline,adrenaline,168
digest,digest,168
pint,pint,167
cupcake,cupcake,167
intimacy,intimacy,167
sweetness,sweetness,167
goodwill,goodwill,167
fluids,fluids,167
windshield,windshield,167
frontier,frontier,167
cashier,cashier,167
luncheon,luncheon,167
telegraph,telegraph,167
statistic,statistics,167
southeast,southeast,167
sleigh,sleigh,167
verge,verge,167
parrot,parrot,167
macaroni,macaroni,166
hypocrite,hypocrite,166
convertible,convertible,166
lotion,lotion,166
reel,reel,166
detector,detector,166
labour,labour,166
credential,credentials,166
cruelty,cruelty,166
institute,institute,166
skunk,skunk,166
crust,crust,166
cove,cove,166
ashtray,ashtray,166
diabete,diabetes,166
battlefield,battlefield,165
rouge,rouge,165
motif,motives,165
maple,maple,165
pitcher,pitcher,165
warhead,warhead,165
membership,membership,165
slate,slate,165
investor,investors,165
lordship,lordship,165
nip,nip,165
pup,pup,164
doorway,doorway,164
nuisance,nuisance,164
northeast,northeast,164
cockpit,cockpit,164
ratio,ratio,164
bouquet,bouquet,164
brace,braces,164
greet,greeting,164
sultan,sultan,164
sail,sails,164
cheeseburger,cheeseburger,163
province,province,163
foreigner,foreigners,163
anatomy,anatomy,163
lever,lever,163
prejudice,prejudice,163
brigade,brigade,163
context,context,163
injustice,injustice,163
stupidity,stupidity,163
fern,fern,163
stallion,stallion,163
correction,correction,163
buffy,buffy,163
hen,hen,163
credibility,credibility,163
abbey,abbey,162
doorman,doorman,162
ecstasy,ecstasy,162
cruiser,cruiser,162
weirdo,weirdo,162
filter,filter,162
sentiment,sentiment,162
architecture,architecture,162
telly,telly,162
casket,casket,162
brute,brute,162
inheritance,inheritance,162
ruler,ruler,162
hoover,hoover,162
transit,transit,162
condolence,condolences,162
sardine,sardines,162
major,majors,162
parachute,parachute,162
quid,quid,161
snitch,snitch,161
insect,insect,161
dickhead,dickhead,161
mining,mining,161
reinforcement,reinforcements,161
wool,wool,161
stewardess,stewardess,161
fatso,fatso,161
typewriter,typewriter,161
funk,funk,161
acceptance,acceptance,161
mermaid,mermaid,161
cologne,cologne,161
flour,flour,161
scalpel,scalpel,161
outrage,outrage,160
squat,squat,160
programming,programming,160
duct,duct,160
dispute,dispute,160
frat,frat,160
toothpaste,toothpaste,160
contractor,contractor,160
deception,deception,160
ban,ban,160
heist,heist,160
unemployment,unemployment,160
bliss,bliss,160
tar,tar,160
samurai,samurai,160
gospel,gospel,160
coaster,coaster,159
bosom,bosom,159
allegiance,allegiance,159
raven,raven,159
reign,reign,159
viva,viva,159
glamour,glamour,159
sculpture,sculpture,159
holiness,holiness,159
transition,transition,159
debris,debris,159
wimp,wimp,159
adio,adios,159
girlie,girlie,159
paw,paw,159
propaganda,propaganda,159
closure,closure,158
sexuality,sexuality,158
reaper,reaper,158
dane,dane,158
isolation,isolation,158
attendant,attendant,158
tavern,tavern,158
diversion,diversion,158
patron,patron,158
lefty,lefty,158
taco,taco,158
adjustment,adjustment,158
assessment,assessment,158
loner,loner,158
tuxedo,tuxedo,158
berry,berries,158
liability,liability,158
wand,wand,157
squire,squire,157
shin,shin,157
distribution,distribution,157
lighthouse,lighthouse,157
dwarf,dwarf,157
trench,trench,157
comet,comet,157
cellphone,cellphone,157
twilight,twilight,156
bagel,bagel,156
kilometer,kilometers,156
mathematics,mathematics,156
fiber,fiber,156
hub,hub,156
chum,chum,156
slide,slides,155
handshake,handshake,155
brig,brig,155
flaw,flaw,155
criticism,criticism,155
philosopher,philosopher,155
goldfish,goldfish,155
tenant,tenant,155
bacteria,bacteria,155
firearm,firearms,155
dreamer,dreamer,155
opposition,opposition,155
conductor,conductor,155
mainland,mainland,154
turk,turk,154
traveler,traveler,154
belonging,belongings,154
parish,parish,154
temp,temp,154
mamma,mamma,154
certainty,certainty,154
asap,asap,154
remorse,remorse,154
germ,germs,154
frenchman,frenchman,154
particle,particles,154
desperation,desperation,154
baloney,baloney,154
fiancee,fiancee,154
arson,arson,153
chimp,chimp,153
cloak,cloak,153
vicinity,vicinity,153
deposition,deposition,153
housekeeping,housekeeping,153
cosmos,cosmos,153
accusation,accusations,153
hebrew,hebrew,153
drape,drapes,152
insult,insults,152
romans,romans,152
banking,banking,152
cavity,cavity,152
defender,defender,152
relay,relay,152
maestro,maestro,152
input,input,152
frustration,frustration,152
internship,internship,152
cinnamon,cinnamon,152
herring,herring,152
cube,cube,152
scoundrel,scoundrel,152
motivation,motivation,151
calf,calf,151
elite,elite,151
admirer,admirer,151
charter,charter,151
shrine,shrine,151
tai,tai,151
stable,stables,151
dig,digs,151
marrow,marrow,151
hustler,hustler,151
standby,standby,151
prof,prof,151
receiver,receiver,151
cuckoo,cuckoo,151
veil,veil,151
mojo,mojo,151
stepfather,stepfather,151
slope,slope,150
warfare,warfare,150
infirmary,infirmary,150
underpant,underpants,150
shre,shred,150
distinction,distinction,150
gent,gents,150
scanner,scanner,150
depot,depot,150
precision,precision,150
transaction,transaction,150
fellowship,fellowship,150
jewellery,jewellery,150
resolution,resolution,150
recital,recital,150
junction,junction,150
telescope,telescope,150
caffeine,caffeine,150
linen,linen,149
yahoo,yahoo,149
breakup,breakup,149
rotation,rotation,149
protector,protector,149
outlaw,outlaw,149
latrine,latrine,149
recon,recon,149
puss,puss,149
catalog,catalog,149
cone,cone,149
sorta,sorta,149
moral,morals,149
eyeball,eyeballs,149
popularity,popularity,149
vintage,vintage,149
canary,canary,149
rumour,rumour,149
platter,platter,149
fireman,fireman,149
aloha,aloha,149
grad,grad,148
sensitivity,sensitivity,148
turbo,turbo,148
mare,mare,148
spotlight,spotlight,148
double,doubles,148
cactus,cactus,148
donut,donuts,148
cabbage,cabbage,148
accessory,accessory,147
librarian,librarian,147
ramp,ramp,147
gene,genes,147
puck,puck,147
empress,empress,147
mailman,mailman,147
pager,pager,147
imbecile,imbecile,147
malfunction,malfunction,147
cutie,cutie,147
necessity,necessity,147
penguin,penguin,147
greek,greeks,147
bravery,bravery,147
geisha,geisha,146
fume,fumes,146
pest,pest,146
indians,indians,146
thingy,thingy,146
manhood,manhood,146
proceeding,proceedings,146
neon,neon,146
cappuccino,cappuccino,146
sarcasm,sarcasm,146
mil,mil,146
merchant,merchant,146
sophomore,sophomore,146
deuce,deuce,146
cork,cork,146
withdrawal,withdrawal,146
deacon,deacon,146
dragonfly,dragonfly,145
lowa,lowa,145
baton,baton,145
twain,twain,145
starship,starship,145
caddy,caddy,145
cradle,cradle,145
pronto,pronto,145
poodle,poodle,145
mushroom,mushrooms,145
infantry,infantry,144
drone,drone,144
slipstream,slipstream,144
tox,tox,144
cricket,cricket,144
jumbo,jumbo,144
penitentiary,penitentiary,144
beeper,beeper,144
paragraph,paragraph,144
demolition,demolition,144
conn,conn,144
marquis,marquis,144
blank,blanks,144
constable,constable,144
weenie,weenie,144
arrogance,arrogance,144
eclipse,eclipse,144
lingerie,lingerie,144
limousine,limousine,144
lineup,lineup,144
boiler,boiler,144
slayer,slayer,144
zipper,zipper,144
growl,growls,143
kettle,kettle,143
fiend,fiend,143
quadrant,quadrant,143
cramp,cramp,143
superior,superiors,143
viewer,viewers,143
workshop,workshop,143
bronze,bronze,143
maneuver,maneuver,143
prairie,prairie,143
aggression,aggression,143
gender,gender,143
clause,clause,143
insight,insight,143
creator,creator,142
permit,permits,142
single,singles,142
stealth,stealth,142
determination,determination,142
refill,refill,142
velocity,velocity,142
vineyard,vineyard,142
sticker,sticker,142
psychopath,psychopath,142
rebound,rebound,142
dairy,dairy,142
atm,atm,142
bong,bong,142
disgust,disgust,141
revolver,revolver,141
monopoly,monopoly,141
workout,workout,141
slime,slime,141
refund,refund,141
turd,turd,141
threshold,threshold,141
vike,viking,141
reading,readings,141
squid,squid,141
aquarium,aquarium,141
implant,implants,141
fright,fright,141
hoop,hoops,141
wacko,wacko,141
idol,idol,141
witchcraft,witchcraft,140
tug,tug,140
follower,followers,140
orb,orb,140
offender,offender,140
initiative,initiative,140
manslaughter,manslaughter,140
revelation,revelation,140
magnet,magnet,140
spook,spook,140
slumber,slumber,140
caucasian,caucasian,140
steward,steward,140
psyche,psyche,140
atom,atom,140
liter,liters,140
feedback,feedback,140
residue,residue,140
handler,handler,140
crotch,crotch,140
saucer,saucer,140
sanity,sanity,139
imitation,imitation,139
rumble,rumble,139
hawk,hawks,139
handicap,handicap,139
caliber,caliber,139
seal,seals,139
heater,heater,139
electronic,electronics,139
efficiency,efficiency,139
grub,grub,139
hippie,hippie,139
hostility,hostility,139
leverage,leverage,139
torment,torment,139
scooter,scooter,139
commentator,commentator,139
valium,valium,139
proportion,proportion,139
liaison,liaison,139
allergy,allergies,139
sermon,sermon,139
eta,eta,139
grin,grin,138
tendency,tendency,138
unity,unity,138
mass,masses,138
cater,catering,138
troll,troll,138
clams,clams,138
furnace,furnace,138
delusion,delusion,138
hola,hola,138
decoration,decorations,138
sidekick,sidekick,137
grail,grail,137
manuscript,manuscript,137
tofu,tofu,137
antique,antiques,137
heating,heating,137
finding,findings,137
casa,casa,137
junkyard,junkyard,137
sinner,sinners,137
navigator,navigator,137
olive,olives,137
collision,collision,137
dump,dumps,137
scorpion,scorpion,136
misfortune,misfortune,136
matrimony,matrimony,136
zorro,zorro,136
lass,lass,136
paranoia,paranoia,136
overdose,overdose,136
legit,legit,136
apron,apron,136
module,module,136
blush,blush,136
tyre,tyres,136
hydrogen,hydrogen,136
contestant,contestant,136
messiah,messiah,136
bleep,bleep,136
inside,insides,135
epi,epi,135
fore,fore,135
wireless,wireless,135
roach,roach,135
booster,booster,135
fragment,fragments,135
saliva,saliva,135
cognac,cognac,135
attendance,attendance,135
maru,maru,135
soprano,soprano,135
flap,flap,135
tight,tights,135
diesel,diesel,135
maverick,maverick,134
shortage,shortage,134
orchid,orchids,134
predator,predator,134
subconscious,subconscious,134
elmer,elmer,134
racer,racer,134
plaster,plaster,134
equivalent,equivalent,134
baroness,baroness,134
blueprint,blueprints,134
awe,awe,134
excellence,excellence,134
classmate,classmates,134
switch,switches,134
jug,jug,134
harp,harp,134
parenting,parenting,134
handbag,handbag,134
male,males,134
harness,harness,133
fusion,fusion,133
patio,patio,133
coup,coup,133
grinch,grinch,133
hassle,hassle,133
dilemma,dilemma,133
screenplay,screenplay,133
satin,satin,133
appendix,appendix,133
patriot,patriot,133
ingredient,ingredient,133
hoot,hoot,133
spade,spades,133
counsellor,counsellor,132
marguerite,marguerite,132
lug,lug,132
alimony,alimony,132
dyke,dyke,132
obstacle,obstacle,132
meatball,meatball,132
technician,technician,132
mineral,mineral,132
descent,descent,132
molecule,molecules,132
martyr,martyr,132
debut,debut,132
waffle,waffles,132
holdup,holdup,132
domain,domain,132
crater,crater,132
herald,herald,132
gps,gps,132
dungeon,dungeon,131
pepperoni,pepperoni,131
tiki,tiki,131
cubicle,cubicle,131
ninja,ninja,131
milady,milady,131
juror,juror,131
restraint,restraint,131
spleen,spleen,131
extortion,extortion,131
ulcer,ulcer,131
blueberry,blueberry,131
commandant,commandant,131
teller,teller,131
emerald,emerald,131
disc,disc,131
panther,panther,131
spectacle,spectacle,131
crumb,crumbs,130
sedative,sedative,130
maze,maze,130
up,ups,130
capsule,capsule,130
dynasty,dynasty,130
pineapple,pineapple,130
pongo,pongo,130
spinach,spinach,130
nada,nada,130
corpsman,corpsman,130
fender,fender,130
steroid,steroids,130
rebellion,rebellion,130
examiner,examiner,130
interpretation,interpretation,130
offspring,offspring,130
tolerance,tolerance,130
bookie,bookie,130
tornado,tornado,130
ref,ref,129
creed,creed,129
mambo,mambo,129
freeman,freeman,129
heritage,heritage,129
microscope,microscope,129
leisure,leisure,129
aerial,aerial,129
chateau,chateau,129
qualification,qualifications,129
booby,booby,129
tenderness,tenderness,129
archive,archives,129
colon,colon,129
gaze,gaze,129
diploma,diploma,129
viper,viper,129
rave,rave,129
screwdriver,screwdriver,128
shaman,shaman,128
foreplay,foreplay,128
payday,payday,128
felon,felon,128
brew,brew,128
postman,postman,128
zebra,zebra,128
inne,inning,128
dread,dread,128
sovereign,sovereign,128
immigration,immigration,128
packet,packet,128
lovebird,lovebirds,128
clone,clone,128
harbour,harbour,127
buff,buff,127
whiff,whiff,127
villager,villagers,127
anticipation,anticipation,127
precedent,precedent,127
cedar,cedar,127
brink,brink,127
cupboard,cupboard,127
knack,knack,127
premier,premier,127
timber,timber,127
tor,tor,127
landscape,landscape,127
gurney,gurney,127
toddy,toddy,127
intrusion,intrusion,127
representation,representation,127
rust,rust,127
bogey,bogey,127
intensity,intensity,127
clutch,clutch,127
ache,ache,127
slogan,slogan,127
composer,composer,127
poll,poll,127
alphabet,alphabet,127
leftover,leftovers,127
buggy,buggy,127
ripper,ripper,127
parasite,parasite,126
defect,defect,126
mixture,mixture,126
lumber,lumber,126
unicorn,unicorn,126
catastrophe,catastrophe,126
grapefruit,grapefruit,126
roulette,roulette,126
economic,economics,126
indictment,indictment,126
bozo,bozo,126
beggar,beggar,126
supervision,supervision,126
legion,legion,126
suture,suture,126
extraction,extraction,126
patent,patent,126
mutiny,mutiny,126
sphere,sphere,126
ideal,ideals,126
sodium,sodium,126
hairdresser,hairdresser,126
gem,gem,126
encore,encore,126
watchman,watchman,126
apocalypse,apocalypse,126
maternity,maternity,125
restroom,restroom,125
rim,rim,125
caretaker,caretaker,125
knob,knob,125
lunchtime,lunchtime,125
refuge,refuge,125
finale,finale,125
stump,stump,125
penicillin,penicillin,125
testicle,testicles,125
orange,oranges,125
presidency,presidency,125
combo,combo,125
runt,runt,125
bridesmaid,bridesmaid,125
ultrasound,ultrasound,125
takeoff,takeoff,125
composition,composition,124
orientation,orientation,124
workplace,workplace,124
curry,curry,124
ora,ora,124
homeboy,homeboy,124
diver,diver,124
icebox,icebox,124
polka,polka,124
boomer,boomer,124
gadget,gadget,124
sandman,sandman,124
platinum,platinum,123
hoax,hoax,123
florist,florist,123
latte,latte,123
performer,performer,123
lair,lair,123
scratch,scratches,123
grammar,grammar,122
nomination,nomination,122
reflex,reflexes,122
sweet,sweets,122
decaf,decaf,122
senior,seniors,122
taffy,taffy,122
obstruction,obstruction,122
antenna,antenna,122
prostitution,prostitution,122
diarrhea,diarrhea,122
revenue,revenue,122
yank,yanks,122
humility,humility,122
tart,tart,122
incision,incision,121
purity,purity,121
loo,loo,121
vermin,vermin,121
buttercup,buttercup,121
ordeal,ordeal,121
bien,bien,121
coral,coral,121
franchise,franchise,121
bankruptcy,bankruptcy,121
limbo,limbo,121
jaguar,jaguar,121
exterior,exterior,121
outsider,outsider,121
detonator,detonator,121
omelet,omelet,121
nuke,nuke,121
suburb,suburbs,120
sweatshirt,sweatshirt,120
douche,douche,120
mortal,mortals,120
hottie,hottie,120
ballistic,ballistics,120
testament,testament,120
gunner,gunner,120
checkbook,checkbook,120
putz,putz,120
duel,duel,120
goon,goons,120
hallucination,hallucinations,119
meatloaf,meatloaf,119
cobbler,cobbler,119
calculation,calculations,119
undead,undead,119
ufo,ufo,119
englishman,englishman,119
vocabulary,vocabulary,119
vogue,vogue,119
odor,odor,119
wedge,wedge,119
venom,venom,119
organisation,organisation,119
red,reds,119
beverage,beverage,119
throttle,throttle,119
tov,tov,119
corral,corral,119
woe,woe,119
semi,semi,119
preference,preference,119
whim,whim,119
mammy,mammy,119
scroll,scrolls,118
regime,regime,118
cheesecake,cheesecake,118
hooter,hooters,118
amulet,amulet,118
kangaroo,kangaroo,118
flop,flop,118
ballerina,ballerina,118
baptist,baptist,118
wiring,wiring,118
speculation,speculation,118
bleach,bleach,118
liberation,liberation,118
airfield,airfield,118
nightfall,nightfall,118
remedy,remedy,118
dibs,dibs,118
siege,siege,118
mexican,mexicans,117
sling,sling,117
wrap,wraps,117
cheetah,cheetah,117
inventor,inventor,117
backseat,backseat,117
jester,jester,117
monument,monument,117
geography,geography,117
breaker,breaker,117
mortar,mortar,117
congregation,congregation,117
awol,awol,117
csi,csi,117
fetish,fetish,117
kite,kite,117
jumper,jumper,117
granddaddy,granddaddy,117
stockholder,stockholders,117
smoker,smoker,116
jukebox,jukebox,116
captive,captive,116
horseshit,horseshit,116
hor,hors,116
flair,flair,116
hysteria,hysteria,116
ownership,ownership,116
drunk,drunks,116
moth,moth,116
chaplain,chaplain,116
broccoli,broccoli,116
chant,chant,116
yogurt,yogurt,116
intersection,intersection,116
lens,lenses,116
gangway,gangway,116
meadow,meadow,116
mormon,mormon,115
militia,militia,115
perjury,perjury,115
vulture,vultures,115
softball,softball,115
trump,trump,115
terrain,terrain,115
bound,bounds,115
crocodile,crocodile,115
awareness,awareness,115
spacecraft,spacecraft,115
mayonnaise,mayonnaise,115
simulation,simulation,115
cabaret,cabaret,115
knitting,knitting,115
translator,translator,115
aluminum,aluminum,115
correspondence,correspondence,115
sanitarium,sanitarium,115
utility,utility,114
pipeline,pipeline,114
suspense,suspense,114
bali,bali,114
stem,stem,114
probability,probability,114
habitat,habitat,114
pretzel,pretzels,114
parliament,parliament,114
granddad,granddad,114
basic,basics,114
oracle,oracle,114
tang,tang,114
salami,salami,114
opium,opium,114
plunge,plunge,114
cod,cod,114
advocate,advocate,113
dodger,dodgers,113
wiener,wiener,113
snail,snails,113
payoff,payoff,113
goof,goof,113
coupon,coupons,113
shrapnel,shrapnel,113
diabetic,diabetic,113
larceny,larceny,113
stench,stench,113
decorate,decorating,113
minority,minority,113
subpoena,subpoena,113
stretcher,stretcher,113
sterling,sterling,113
cub,cubs,113
picket,picket,113
classic,classics,112
pharaoh,pharaoh,112
charade,charade,112
redemption,redemption,112
derby,derby,112
refugee,refugees,112
textbook,textbook,112
will,wills,112
seller,seller,112
rabie,rabies,112
puberty,puberty,112
thermometer,thermometer,112
headmaster,headmaster,112
fungus,fungus,112
renaissance,renaissance,112
gauge,gauge,112
brutality,brutality,112
greenhouse,greenhouse,112
encouragement,encouragement,112
aristocrat,aristocrats,112
heartbreak,heartbreak,112
watermelon,watermelon,112
arcade,arcade,111
grazie,grazie,111
carmine,carmine,111
skid,skid,111
import,import,111
discrimination,discrimination,111
noose,noose,111
cliff,cliffs,111
perp,perp,111
boar,boar,111
yike,yikes,111
guarantee,guarantees,111
gourmet,gourmet,111
holster,holster,111
monsignor,monsignor,111
erection,erection,111
raisin,raisins,111
yuan,yuan,111
fallout,fallout,111
snob,snob,111
wanker,wanker,111
smear,smear,111
anguish,anguish,110
nausea,nausea,110
ventilation,ventilation,110
roster,roster,110
conditioner,conditioner,110
formality,formality,110
pickin,pickin,110
tacos,tacos,110
disposition,disposition,110
cushion,cushion,110
hock,hock,110
correspondent,correspondent,110
allegation,allegations,110
cameraman,cameraman,110
tee,tee,110
bailiff,bailiff,110
troublemaker,troublemaker,110
spectrum,spectrum,110
mantle,mantle,110
upgrade,upgrade,110
blur,blur,109
whisker,whiskers,109
tombstone,tombstone,109
gran,gran,109
civilisation,civilisation,109
salsa,salsa,109
competitor,competitors,109
boredom,boredom,109
compensation,compensation,109
blind,blinds,109
lice,lice,109
diplomat,diplomat,109
mayhem,mayhem,109
rink,rink,109
freighter,freighter,109
silverware,silverware,109
intellect,intellect,109
strangler,strangler,109
green,greens,109
crossroad,crossroads,109
ozone,ozone,109
cheater,cheater,109
spree,spree,109
goo,goo,109
missionary,missionary,109
uranium,uranium,109
courtyard,courtyard,109
flier,flier,109
dew,dew,109
exhaust,exhaust,109
hamster,hamster,109
smiley,smiley,109
array,array,108
tile,tile,108
ether,ether,108
edit,editing,108
hygiene,hygiene,108
retainer,retainer,108
boon,boon,108
snot,snot,108
deli,deli,108
stairwell,stairwell,108
mam,mam,108
tack,tack,108
freelance,freelance,108
catalogue,catalogue,108
dictator,dictator,108
piglet,piglet,108
striker,striker,108
barbershop,barbershop,108
mentality,mentality,108
hacker,hacker,108
panda,panda,108
founder,founder,108
brawl,brawl,108
arab,arabs,108
flute,flute,108
mackerel,mackerel,108
lordy,lordy,108
amigo,amigos,108
insulin,insulin,107
trifle,trifle,107
mischief,mischief,107
apache,apaches,107
thong,thong,107
blaze,blaze,107
communism,communism,107
weatherman,weatherman,107
stride,stride,107
measle,measles,107
admiration,admiration,107
clarity,clarity,107
decorator,decorator,107
blacksmith,blacksmith,107
checkup,checkup,107
goggle,goggles,107
prosperity,prosperity,107
containment,containment,107
beak,beak,107
contrast,contrast,107
surrounding,surroundings,107
crest,crest,107
bimbo,bimbo,107
coronation,coronation,107
doodle,doodle,107
vine,vine,107
intercom,intercom,107
printer,printer,107
psychiatry,psychiatry,107
projection,projection,107
detour,detour,107
maggot,maggots,106
caterer,caterer,106
plaque,plaque,106
consumer,consumer,106
gunman,gunman,106
safari,safari,106
trend,trend,106
ending,endings,106
conception,conception,106
rhino,rhino,106
pioneer,pioneer,106
foolishness,foolishness,106
email,email,106
quart,quart,106
index,index,106
petunia,petunia,106
wreckage,wreckage,106
manure,manure,106
communion,communion,106
moo,moo,106
commotion,commotion,106
haste,haste,106
junky,junkies,106
landlady,landlady,106
voter,voters,106
spec,specs,106
bargaining,bargaining,106
oats,oats,105
nighttime,nighttime,105
superstition,superstition,105
stinker,stinker,105
sleeper,sleeper,105
manpower,manpower,105
beetle,beetle,105
puli,puli,105
limitation,limitations,105
decay,decay,105
plain,plains,105
extras,extras,105
possum,possum,105
biggie,biggie,105
diaphragm,diaphragm,105
removal,removal,105
lowlife,lowlife,105
fruitcake,fruitcake,105
spoil,spoils,105
espresso,espresso,105
lotus,lotus,104
organism,organism,104
washer,washer,104
fairness,fairness,104
outline,outline,104
bale,bale,104
kraut,krauts,104
brook,brook,104
pedal,pedal,104
filmmaker,filmmaker,104
hybrid,hybrid,104
starle,starling,104
portfolio,portfolio,104
lavender,lavender,104
forum,forum,104
fraction,fraction,104
caption,captions,104
special,specials,104
due,dues,104
plank,plank,104
glitter,glitter,104
bono,bono,104
assurance,assurance,104
glitch,glitch,103
frenzy,frenzy,103
dishwasher,dishwasher,103
aide,aide,103
radiology,radiology,103
pavement,pavement,103
helper,helper,103
anarchy,anarchy,103
radiator,radiator,103
chariot,chariot,103
guild,guild,103
lantern,lantern,103
meltdown,meltdown,103
caveman,caveman,103
crock,crock,103
seafood,seafood,103
tribune,tribune,103
mainframe,mainframe,103
wrinkle,wrinkles,103
outlook,outlook,103
pelvis,pelvis,103
vibration,vibrations,103
graffiti,graffiti,103
immortality,immortality,102
maturity,maturity,102
livestock,livestock,102
intro,intro,102
poo,poo,102
exterminator,exterminator,102
dosage,dosage,102
arsenal,arsenal,102
what,whats,102
outlet,outlet,102
cot,cot,102
shore,shores,102
calamity,calamity,102
hick,hick,102
measurement,measurements,102
syndicate,syndicate,102
sincerity,sincerity,102
cougar,cougar,102
characteristic,characteristics,102
teamwork,teamwork,102
solitude,solitude,102
atta,atta,102
mileage,mileage,101
messin,messin,101
gateway,gateway,101
git,git,101
loco,loco,101
oblivion,oblivion,101
disability,disability,101
freckle,freckles,101
midterm,midterm,101
segment,segment,101
cucumber,cucumber,101
swimsuit,swimsuit,101
manicure,manicure,101
impostor,impostor,101
billing,billing,101
fidelity,fidelity,101
span,span,101
anesthesia,anesthesia,101
aneurysm,aneurysm,101
roadblock,roadblock,101
transformation,transformation,101
float,floats,101
moor,moor,101
buick,buick,101
participation,participation,101
hypnosis,hypnosis,101
gall,gall,101
whatnot,whatnot,101
capability,capabilities,101
mythology,mythology,101
periods,periods,101
nightgown,nightgown,100
forgery,forgery,100
milligram,milligrams,100
indy,indy,100
gonzo,gonzo,100
bloodshe,bloodshed,100
chaperone,chaperone,100
stakeout,stakeout,100
signora,signora,100
sibling,siblings,100
margin,margin,100
cleanup,cleanup,100
paralysis,paralysis,100
incentive,incentive,100
persuasion,persuasion,100
dome,dome,100
plutonium,plutonium,100
dart,darts,100
fertilizer,fertilizer,100
hatchet,hatchet,100
affidavit,affidavit,100
predicament,predicament,100
ridicule,ridicule,100
tanker,tanker,100
walnut,walnut,100
eyesight,eyesight,99
outbreak,outbreak,99
whit,whit,99
graduate,graduates,99
out,outs,99
cuisine,cuisine,99
thud,thud,99
syringe,syringe,99
contraction,contractions,99
turbulence,turbulence,99
thankyou,thankyou,99
arthritis,arthritis,99
blizzard,blizzard,99
supplier,supplier,99
urn,urn,99
chun,chun,99
residency,residency,99
stag,staging,99
puddle,puddle,99
oeuvre,oeuvres,99
climax,climax,99
octopus,octopus,99
cranberry,cranberry,99
serpent,serpent,99
beginner,beginner,99
dea,dea,99
bologna,bologna,99
apprentice,apprentice,99
pansy,pansy,99
marvel,marvel,99
adultery,adultery,99
fang,fang,98
deluxe,deluxe,98
firepower,firepower,98
digit,digits,98
oasis,oasis,98
muse,muse,98
understudy,understudy,98
tyrant,tyrant,98
latch,latch,98
mercenary,mercenary,98
vaccine,vaccine,98
laddie,laddie,98
wormhole,wormhole,98
pastry,pastry,98
confrontation,confrontation,98
placement,placement,98
complexion,complexion,98
syphili,syphilis,98
orchard,orchard,98
billionaire,billionaire,98
cosmetic,cosmetics,98
decree,decree,98
wildlife,wildlife,98
likeness,likeness,98
mistletoe,mistletoe,98
bedside,bedside,98
peril,peril,98
bulk,bulk,97
pollution,pollution,97
lazarus,lazarus,97
leukemia,leukemia,97
fundraiser,fundraiser,97
marshmallow,marshmallows,97
brochure,brochure,97
mart,mart,97
snowman,snowman,97
equality,equality,97
skater,skater,97
muck,muck,97
fertility,fertility,97
lily,lilies,97
receptionist,receptionist,97
publicist,publicist,97
korean,koreans,97
cider,cider,97
chico,chico,97
statute,statute,97
spouse,spouse,97
emery,emery,97
explorer,explorer,97
scrabble,scrabble,96
traction,traction,96
headlight,headlights,96
forecast,forecast,96
conquest,conquest,96
schoolgirl,schoolgirl,96
puncture,puncture,96
companionship,companionship,96
underlay,underlay,96
chem,chem,96
exploration,exploration,96
anthem,anthem,96
decker,decker,96
basin,basin,96
kip,kip,96
accomplishment,accomplishment,96
creativity,creativity,96
stun,stun,96
sorority,sorority,96
carton,carton,96
plow,plow,96
stance,stance,96
etiquette,etiquette,96
raspberry,raspberry,96
treachery,treachery,96
quo,quo,96
interruption,interruption,96
eminence,eminence,96
specific,specifics,96
checker,checkers,96
checkpoint,checkpoint,95
migraine,migraine,95
biz,biz,95
drinker,drinker,95
surrogate,surrogate,95
indigestion,indigestion,95
speck,speck,95
frisbee,frisbee,95
cello,cello,95
celery,celery,95
recreation,recreation,95
bonnet,bonnet,95
flake,flakes,95
lobe,lobe,95
goody,goodies,95
fuzz,fuzz,95
quantity,quantity,95
exorcism,exorcism,95
wuss,wuss,95
reservoir,reservoir,95
peso,pesos,95
quota,quota,95
mach,mach,95
horseback,horseback,95
cholesterol,cholesterol,95
amour,amour,95
rite,rites,95
dearie,dearie,95
jigsaw,jigsaw,95
exile,exile,95
ration,rations,95
deceit,deceit,95
armory,armory,95
confidentiality,confidentiality,95
chemist,chemist,95
confederate,confederate,95
waterfall,waterfall,95
brow,brow,94
dib,dib,94
amend,amends,94
camouflage,camouflage,94
mortuary,mortuary,94
requirement,requirements,94
mockery,mockery,94
boardwalk,boardwalk,94
trajectory,trajectory,94
geometry,geometry,94
strand,strand,94
pretender,pretender,94
bane,bane,94
ravine,ravine,94
slab,slab,94
pottery,pottery,94
foe,foe,94
surge,surge,94
hesitation,hesitation,94
pun,pun,94
slop,slop,94
consumption,consumption,94
sod,sod,94
torso,torso,94
dealing,dealings,93
spur,spurs,93
mosquito,mosquito,93
spawn,spawn,93
homie,homie,93
spank,spanking,93
bijou,bijou,93
putty,putty,93
gringo,gringo,93
pulp,pulp,93
buzzard,buzzard,93
buttock,buttocks,93
cassette,cassette,93
naam,naam,93
burner,burner,93
imprisonment,imprisonment,93
detonation,detonation,93
chopsticks,chopsticks,93
handyman,handyman,93
fatigue,fatigue,93
prima,prima,93
reasoning,reasoning,93
faraway,faraway,93
raffle,raffle,93
amp,amp,93
chord,chord,93
aura,aura,93
incense,incense,92
coalition,coalition,92
keyboard,keyboard,92
clot,clot,92
barbarian,barbarian,92
tranquilizer,tranquilizer,92
brewery,brewery,92
bunnie,bunnies,92
iceberg,iceberg,92
realtor,realtor,92
palp,palp,92
groin,groin,92
marking,markings,92
uterus,uterus,92
commandment,commandments,92
rodent,rodent,92
racetrack,racetrack,92
pecker,pecker,92
emptiness,emptiness,92
down,downs,92
logo,logo,92
chinaman,chinaman,92
bearer,bearer,92
suede,suede,92
cyanide,cyanide,92
kiddy,kiddies,92
kilos,kilos,92
lollipop,lollipop,91
hobo,hobo,91
cowardice,cowardice,91
dinnertime,dinnertime,91
overload,overload,91
gallow,gallows,91
interpreter,interpreter,91
whipper,whipper,91
hag,hag,91
tiara,tiara,91
springer,springer,91
wrestler,wrestler,91
spiral,spiral,91
serenity,serenity,91
canister,canisters,91
negligence,negligence,91
talker,talker,91
manufacturer,manufacturer,91
hernia,hernia,91
specimen,specimens,91
congrat,congrats,91
criterion,criteria,91
tenure,tenure,90
nightcap,nightcap,90
algebra,algebra,90
pyjama,pyjamas,90
gala,gala,90
muslim,muslims,90
sedan,sedan,90
directive,directive,90
redneck,redneck,90
winning,winnings,90
charcoal,charcoal,90
dung,dung,90
parlour,parlour,90
calcium,calcium,90
fascination,fascination,90
sequel,sequel,90
thruster,thrusters,90
troupe,troupe,90
abyss,abyss,90
whiplash,whiplash,90
genetic,genetics,90
modesty,modesty,90
publication,publication,90
perk,perks,90
caper,caper,90
rapper,rapper,90
stability,stability,90
bud,buds,90
soviet,soviets,90
scamp,scamp,90
ballpark,ballpark,89
staircase,staircase,89
listener,listeners,89
crossword,crossword,89
righteousness,righteousness,89
vole,vole,89
farce,farce,89
pantry,pantry,89
varsity,varsity,89
harmonica,harmonica,89
ding,dings,89
mahjong,mahjong,89
chemo,chemo,89
sinus,sinus,89
toenail,toenails,89
recording,recordings,89
rubble,rubble,89
fluke,fluke,89
pelican,pelican,89
fitness,fitness,89
alumnus,alumni,89
painkiller,painkillers,89
whirl,whirl,89
badger,badger,89
bonfire,bonfire,89
wad,wad,89
sage,sage,89
shred,shreds,89
leech,leech,89
scarecrow,scarecrow,89
racism,racism,88
expansion,expansion,88
writ,writ,88
insomnia,insomnia,88
faker,faker,88
reconnaissance,reconnaissance,88
lullaby,lullaby,88
blindfold,blindfold,88
bugle,bugle,88
mutation,mutation,88
bio,bio,88
sandal,sandals,88
premium,premium,88
friar,friar,88
pore,pores,88
hoof,hoof,88
wench,wench,88
understatement,understatement,88
riddance,riddance,88
turnip,turnip,88
wop,wop,88
national,nationals,88
gasp,gasp,88
loch,loch,88
icon,icon,88
invalid,invalid,88
youngster,youngsters,88
bidder,bidder,88
posture,posture,88
seaweed,seaweed,88
lupus,lupus,88
reduction,reduction,88
deadbeat,deadbeat,88
highlight,highlights,88
bloodstream,bloodstream,88
pantyhose,pantyhose,87
battleship,battleship,87
atropine,atropine,87
jig,jig,87
nitro,nitro,87
oman,omen,87
intestine,intestines,87
hemorrhage,hemorrhage,87
nicotine,nicotine,87
momentum,momentum,87
baboon,baboon,87
navigation,navigation,87
sprout,sprouts,87
masturbation,masturbation,87
delegate,delegates,87
demise,demise,87
paste,paste,87
provision,provisions,87
silicon,silicon,87
pouch,pouch,87
deduction,deduction,87
sorcerer,sorcerer,87
locket,locket,87
inscription,inscription,87
canteen,canteen,87
espionage,espionage,87
feller,feller,87
chime,chimes,87
obedience,obedience,87
asteroid,asteroid,86
musketeer,musketeers,86
canopy,canopy,86
gra,gras,86
proceed,proceeds,86
rattlesnake,rattlesnake,86
ordinance,ordinance,86
pianist,pianist,86
flan,flan,86
lard,lard,86
louse,louse,86
potty,potty,86
benefactor,benefactor,86
seaman,seaman,86
vinegar,vinegar,86
una,una,86
tempo,tempo,86
thunderbolt,thunderbolt,86
buckaroo,buckaroo,86
manufacture,manufacturing,86
saxophone,saxophone,86
doorknob,doorknob,86
infinity,infinity,86
sabbath,sabbath,86
guideline,guidelines,86
current,currents,86
mouthful,mouthful,86
democrat,democrat,86
washroom,washroom,86
busboy,busboy,86
entity,entity,86
perpetrator,perpetrator,86
armour,armour,86
tracer,tracer,86
esteem,esteem,86
compact,compact,86
jive,jive,86
peer,peers,86
wrapper,wrapper,85
bearing,bearings,85
pimple,pimple,85
blender,blender,85
skateboard,skateboard,85
fringe,fringe,85
voltage,voltage,85
lifeguard,lifeguard,85
gunpowder,gunpowder,85
roo,roo,85
buffer,buffer,85
sparkle,sparkle,85
birthmark,birthmark,85
successor,successor,85
candlelight,candlelight,85
ringer,ringer,85
perv,perv,85
dos,doses,85
exhale,exhale,85
lotto,lotto,85
laceration,lacerations,85
fuhrer,fuhrer,85
lidocaine,lidocaine,85
malaria,malaria,85
